前项,后项,案数,支持度/%,置信度/%,提升度
白前+蛤壳,紫菀,25,20.0,96.2,2.27
瓜蒌子+白前,紫菀,30,24.0,93.8,2.21
陈皮+白前,紫菀,28,22.4,93.3,2.2
白前,紫菀,45,36.0,91.8,2.17
陈皮+紫菀,白前,28,22.4,90.3,2.3
瓜蒌子+竹茹,桑叶,26,20.8,89.7,1.9
桑叶+马兜铃,瓜蒌子,29,23.2,87.9,1.64
胖大海,桑叶,27,21.6,87.1,1.85
紫菀+马兜铃,瓜蒌子,26,20.8,86.7,1.62
紫菀+蛤壳,白前,25,20.0,86.2,2.2
紫菀,白前,45,36.0,84.9,2.17
半夏,陈皮,26,20.8,83.9,1.69
瓜蒌子+紫菀,白前,30,24.0,83.3,2.13
瓜蒌子+蛤壳,马兜铃,30,24.0,83.3,1.97
马兜铃+蛤壳,瓜蒌子,30,24.0,83.3,1.55
桑叶+竹茹,瓜蒌子,26,20.8,81.2,1.52
马兜铃,瓜蒌子,42,33.6,79.2,1.48
桑叶+蛤壳,瓜蒌子,26,20.8,78.8,1.47
苦杏仁,陈皮,36,28.8,75.0,1.51
蛤壳,马兜铃,36,28.8,73.5,1.73
蛤壳,瓜蒌子,36,28.8,73.5,1.37
瓜蒌子+桑叶,马兜铃,29,23.2,72.5,1.71
瓜蒌子+紫菀,马兜铃,26,20.8,72.2,1.7
瓜蒌子+蛤壳,桑叶,26,20.8,72.2,1.53
瓜蒌子+马兜铃,蛤壳,30,24.0,71.4,1.82
款冬花,紫菀,25,20.0,71.4,1.68
