规范药名,剂量记录数,中位数/钱,P25/钱,P75/钱,最小/钱,最大/钱
瓜蒌子,67,4.0,4.0,4.0,3.0,5.0
陈皮,63,1.5,1.0,1.5,0.5,1.5
桑叶,60,2.0,2.0,2.0,0.7,10.0
紫菀,53,3.0,3.0,3.0,0.8,3.0
马兜铃,57,1.5,1.5,1.5,1.5,1.5
白前,49,2.0,2.0,2.0,0.7,4.0
蛤壳,52,8.0,6.0,8.0,0.6,10.0
苦杏仁,47,3.0,3.0,3.0,3.0,3.0
竹茹,48,2.0,2.0,3.0,0.7,50.0
滑石,38,4.0,4.0,4.0,1.0,6.0
牛蒡子,36,1.5,1.5,1.5,1.0,2.0
款冬花,37,3.0,3.0,3.0,2.0,3.0
半夏,32,3.0,3.0,3.0,1.5,3.0
薏苡仁,29,4.0,4.0,4.0,3.0,4.0
前胡,28,2.0,2.0,2.0,0.8,3.0
茯苓,23,3.0,3.0,4.0,1.5,6.0
郁金,22,3.0,3.0,3.0,3.0,3.0
旋覆花,22,2.0,2.0,2.0,1.5,3.0
淡竹叶,14,2.0,2.0,2.0,1.5,2.0
甜杏仁,20,3.0,3.0,3.0,2.0,3.0
桑白皮,18,5.0,5.0,5.0,3.0,7.0
桑枝,9,10.0,10.0,20.0,5.0,20.0
菊花,17,2.0,2.0,2.0,0.5,2.0
远志,17,1.0,1.0,1.0,1.0,5.0
血见愁,16,4.0,3.0,4.0,2.0,4.0
瓜蒌皮,15,2.0,1.75,2.0,1.0,2.0
甘草,15,0.5,0.5,0.75,0.4,4.0
白薇,15,3.0,3.0,3.0,2.0,4.0
连翘,15,3.0,3.0,3.0,1.0,3.0
石斛,16,3.0,3.0,3.0,3.0,4.0
紫苏子,14,1.75,1.5,2.0,0.8,3.0
