序号,规范药名,频次（案）,频率/%,功效大类,功效亚类,四气,五味,归经,毒性,原书写法（次）,依据,备注
1,瓜蒌子,67,53.6,化痰止咳平喘药,清化热痰药,寒,甘,肺、胃、大肠,,瓜蒌仁,《中华人民共和国药典》2020年版一部,
2,陈皮,62,49.6,理气药,,温,苦、辛,肺、脾,,新会皮（31）、青盐陈皮（25）、陈皮（4）、广皮（3）,《中华人民共和国药典》2020年版一部,
3,桑叶,59,47.2,解表药,发散风热药,寒,甘、苦,肺、肝,,冬桑叶（51）、桑叶（8）、东桑叶（1）,《中华人民共和国药典》2020年版一部,
4,紫菀,53,42.4,化痰止咳平喘药,止咳平喘药,温,辛、苦,肺,,紫菀,《中华人民共和国药典》2020年版一部,
5,马兜铃,53,42.4,化痰止咳平喘药,止咳平喘药,微寒,苦,肺、大肠,,杜兜铃（29）、马兜铃（27）、兜铃（1）,《中华人民共和国药典》2015年版一部,含马兜铃酸，现行药典未收载
6,白前,49,39.2,化痰止咳平喘药,温化寒痰药,微温,辛、苦,肺,,白前,《中华人民共和国药典》2020年版一部,
7,蛤壳,49,39.2,化痰止咳平喘药,清化热痰药,寒,苦、咸,肺、肾、胃,,海蛤壳（44）、蛤壳（5）、海蛤粉（3）,《中华人民共和国药典》2020年版一部,
8,苦杏仁,48,38.4,化痰止咳平喘药,止咳平喘药,微温,苦,肺、大肠,有小毒,光杏仁（44）、杏仁（4）,《中华人民共和国药典》2020年版一部,
9,竹茹,47,37.6,化痰止咳平喘药,清化热痰药,微寒,甘,肺、胃、心、胆,,竹茹（46）、刮竹茹（1）、刮淡竹茹（1）,《中华人民共和国药典》2020年版一部,
10,滑石,38,30.4,利水渗湿药,利尿通淋药,寒,甘、淡,膀胱、肺、胃,,滑石,《中华人民共和国药典》2020年版一部,
11,牛蒡子,36,28.8,解表药,发散风热药,寒,辛、苦,肺、胃,,牛蒡子（34）、牛蒡（2）,《中华人民共和国药典》2020年版一部,
12,款冬花,35,28.0,化痰止咳平喘药,止咳平喘药,温,辛、微苦,肺,,款冬花（21）、款冬（15）、冬花（1）,《中华人民共和国药典》2020年版一部,
13,半夏,31,24.8,化痰止咳平喘药,温化寒痰药,温,辛,脾、胃、肺,有毒,竹沥半夏（26）、姜半夏（6）,《中华人民共和国药典》2020年版一部,
14,胖大海,31,24.8,化痰止咳平喘药,清化热痰药,寒,甘,肺、大肠,,安南子,《中华人民共和国药典》2020年版一部,
15,薏苡仁,29,23.2,利水渗湿药,利水消肿药,凉,甘、淡,脾、胃、肺,,米仁（25）、苡仁（4）,《中华人民共和国药典》2020年版一部,
16,前胡,28,22.4,化痰止咳平喘药,清化热痰药,微寒,苦、辛,肺,,前胡,《中华人民共和国药典》2020年版一部,
17,茯苓,23,18.4,利水渗湿药,利水消肿药,平,甘、淡,心、肺、脾、肾,,浙茯苓（18）、赤苓（3）、带皮茯苓（1）、辰茯苓（1）,《中华人民共和国药典》2020年版一部,
18,郁金,23,18.4,活血化瘀药,活血止痛药,寒,辛、苦,肝、心、肺,,广郁金（21）、郁金（2）,《中华人民共和国药典》2020年版一部,
19,旋覆花,22,17.6,化痰止咳平喘药,温化寒痰药,微温,苦、辛、咸,肺、脾、胃、大肠,,旋覆花,《中华人民共和国药典》2020年版一部,
20,淡竹叶,22,17.6,清热药,清热泻火药,寒,甘、淡,心、胃、小肠,,竹叶,《中华人民共和国药典》2020年版一部,
21,甜杏仁,20,16.0,化痰止咳平喘药,止咳平喘药,平,甘,肺、大肠,,甜杏仁,《中华本草》,苦杏仁附药
22,桑白皮,18,14.4,化痰止咳平喘药,止咳平喘药,寒,甘,肺,,桑皮,《中华人民共和国药典》2020年版一部,
23,桑枝,17,13.6,祛风湿药,祛风湿热药,平,微苦,肝,,桑枝（7）、连芽桑枝（5）、桑梗（3）、桑枝连芽（2）、连芽桑梗（2）、桑梗连芽（1）,《中华人民共和国药典》2020年版一部,
24,菊花,17,13.6,解表药,发散风热药,微寒,甘、苦,肺、肝,,滁菊花（15）、池菊花（1）、池菊（1）,《中华人民共和国药典》2020年版一部,
25,远志,17,13.6,安神药,养心安神药,温,苦、辛,心、肾、肺,,远志（14）、远志肉（3）,《中华人民共和国药典》2020年版一部,
26,金橘,17,13.6,理气药,,温,辛、甘,肝、肺、脾、胃,,金橘脯（16）、金橘皮（1）,《中华本草》,教材未载，按功效归类
27,血见愁,16,12.8,止血药,凉血止血,,,,,血见愁,,地锦草、铁苋菜、山藿香等均有此异名，基原待考
28,瓜蒌皮,15,12.0,化痰止咳平喘药,清化热痰药,寒,甘,肺、胃,,瓜蒌皮（14）、蒌皮（1）,《中华人民共和国药典》2020年版一部,
29,甘草,15,12.0,补虚药,补气药,平,甘,心、肺、脾、胃,,炙草（8）、甘草（8）,《中华人民共和国药典》2020年版一部,
30,白薇,15,12.0,清热药,清虚热药,寒,苦、咸,胃、肝、肾,,东白薇（11）、白薇（4）,《中华人民共和国药典》2020年版一部,
31,连翘,15,12.0,清热药,清热解毒药,微寒,苦,肺、心、小肠,,青连翘（13）、连翘（2）,《中华人民共和国药典》2020年版一部,
32,石斛,14,11.2,补虚药,补阴药,微寒,甘,胃、肾,,川黄草（10）、石斛（5）、黄草川斛（1）,《中华人民共和国药典》2020年版一部,
33,紫苏子,14,11.2,化痰止咳平喘药,止咳平喘药,温,辛,肺,,苏子,《中华人民共和国药典》2020年版一部,
34,佩兰,12,9.6,化湿药,,平,辛,脾、胃、肺,,佩兰叶,《中华人民共和国药典》2020年版一部,
35,桔梗,12,9.6,化痰止咳平喘药,清化热痰药,平,苦、辛,肺,,桔梗（9）、苦桔梗（2）、白桔梗（1）,《中华人民共和国药典》2020年版一部,
36,白芍,12,9.6,补虚药,补血药,微寒,苦、酸,肝、脾,,白芍,《中华人民共和国药典》2020年版一部,
37,薄荷,12,9.6,解表药,发散风热药,凉,辛,肺、肝,,苏薄荷（10）、薄荷梗（1）、薄荷（1）,《中华人民共和国药典》2020年版一部,
38,枳壳,11,8.8,理气药,,微寒,苦、辛、酸,脾、胃,,枳壳,《中华人民共和国药典》2020年版一部,
39,柿霜,11,8.8,化痰止咳平喘药,清化热痰药,凉,甘,心、肺、胃,,真柿霜,《中华本草》,教材未载，按功效归类
40,栀子,11,8.8,清热药,清热泻火药,寒,苦,心、肺、三焦,,山栀（10）、焦栀（1）,《中华人民共和国药典》2020年版一部,
41,百合,11,8.8,补虚药,补阴药,寒,甘,心、肺,,野百合,《中华人民共和国药典》2020年版一部,
42,三七,10,8.0,止血药,化瘀止血药,温,甘、微苦,肝、胃,,参三七,《中华人民共和国药典》2020年版一部,
43,佛手,10,8.0,理气药,,温,辛、苦、酸,肝、脾、胃、肺,,佛手片,《中华人民共和国药典》2020年版一部,
44,石决明,10,8.0,平肝息风药,平抑肝阳药,寒,咸,肝,,石决明,《中华人民共和国药典》2020年版一部,
45,茵陈,10,8.0,利水渗湿药,利湿退黄药,微寒,苦、辛,脾、胃、肝、胆,,西茵陈,《中华人民共和国药典》2020年版一部,
46,朱砂,9,7.2,安神药,重镇安神药,微寒,甘,心,有毒,辰砂,《中华人民共和国药典》2020年版一部,
47,络石藤,9,7.2,祛风湿药,祛风湿热药,微寒,苦,心、肝、肾,,络石藤,《中华人民共和国药典》2020年版一部,
48,藿香,9,7.2,化湿药,,微温,辛,脾、胃、肺,,杜藿梗（8）、藿香叶（1）,《中华人民共和国药典》2020年版一部,原文为杜藿（土藿香），性味参广藿香
49,川贝母,8,6.4,化痰止咳平喘药,清化热痰药,微寒,苦、甘,肺、心,,京川贝（7）、川贝母（1）,《中华人民共和国药典》2020年版一部,
50,枳实,8,6.4,理气药,,微寒,苦、辛、酸,脾、胃,,枳实,《中华人民共和国药典》2020年版一部,
51,橘白,8,6.4,理气药,,,,,,新会白（7）、橘白（1）,,陈皮去外层红皮者，现行药典未收载，性味待核
52,紫苏叶,8,6.4,解表药,发散风寒药,温,辛,肺、脾,,苏叶梗,《中华人民共和国药典》2020年版一部,
53,天麻,7,5.6,平肝息风药,息风止痉药,平,甘,肝,,明天麻,《中华人民共和国药典》2020年版一部,
54,山药,7,5.6,补虚药,补气药,平,甘,脾、肺、肾,,淮山药（5）、打淮山药（1）、山药（1）,《中华人民共和国药典》2020年版一部,
55,橘红,7,5.6,理气药,,温,辛、苦,肺、脾,,广皮红（4）、橘红（4）,《中华人民共和国药典》2020年版一部,陈皮附药
56,牡蛎,7,5.6,平肝息风药,平抑肝阳药,微寒,咸,肝、胆、肾,,左牡蛎（6）、牡蛎（1）,《中华人民共和国药典》2020年版一部,
57,砂仁,7,5.6,化湿药,,温,辛,脾、胃、肾,,春砂壳（3）、春砂仁（2）、带壳春砂（2）,《中华人民共和国药典》2020年版一部,
58,硼砂,7,5.6,拔毒化腐生肌药,,凉,甘、咸,肺、胃,,月石,"《中药学》（""十四五""规划教材）",外用为主，何氏内服取清肺化痰
59,青蒿,7,5.6,清热药,清虚热药,寒,苦、辛,肝、胆,,青蒿子（4）、青蒿（2）、青蒿脑（2）,《中华人民共和国药典》2020年版一部,
60,冬瓜子,6,4.8,化痰止咳平喘药,清化热痰药,微寒,甘,肺、大肠,,冬瓜子,《中华本草》,冬瓜皮附药，按功效归类
61,冬瓜皮,6,4.8,利水渗湿药,利水消肿药,凉,甘,脾、小肠,,冬瓜皮,《中华人民共和国药典》2020年版一部,
62,地骨皮,6,4.8,清热药,清虚热药,寒,甘,肺、肝、肾,,地骨皮,《中华人民共和国药典》2020年版一部,
63,地黄,6,4.8,清热药,清热凉血药,寒,甘、苦,心、肝、肾,,生地（5）、细生地（1）,《中华人民共和国药典》2020年版一部,鲜地黄
64,天冬,6,4.8,补虚药,补阴药,寒,甘、苦,肺、肾,,天冬,《中华人民共和国药典》2020年版一部,
65,通草,6,4.8,利水渗湿药,利尿通淋药,微寒,甘、淡,肺、胃,,丝通草,《中华人民共和国药典》2020年版一部,
66,大腹皮,5,4.0,理气药,,微温,辛,脾、胃、大肠、小肠,,腹皮,《中华人民共和国药典》2020年版一部,
67,延胡索,5,4.0,活血化瘀药,活血止痛药,温,辛、苦,肝、脾,,打延胡（2）、延胡（2）、元胡（1）,《中华人民共和国药典》2020年版一部,
68,桂枝,5,4.0,解表药,发散风寒药,温,辛、甘,心、肺、膀胱,,川桂枝（3）、桂枝（1）、桂枝木（1）,《中华人民共和国药典》2020年版一部,
69,灯心草,5,4.0,利水渗湿药,利尿通淋药,微寒,甘、淡,心、肺、小肠,,灯芯（4）、灯芯草（1）,《中华人民共和国药典》2020年版一部,
70,甘松,5,4.0,理气药,,温,辛、甘,脾、胃,,甘松,《中华人民共和国药典》2020年版一部,
71,白茅根,5,4.0,止血药,凉血止血药,寒,甘,肺、胃、膀胱,,茅根（3）、白茅根（2）,《中华人民共和国药典》2020年版一部,
72,香附,5,4.0,理气药,,平,辛、微苦、微甘,肝、脾、三焦,,香附,《中华人民共和国药典》2020年版一部,
73,鸡内金,5,4.0,消食药,,平,甘,脾、胃、小肠、膀胱,,鸡金（5）、打鸡金（1）,《中华人民共和国药典》2020年版一部,
74,夏枯草,4,3.2,清热药,清热泻火药,寒,辛、苦,肝、胆,,夏枯草,《中华人民共和国药典》2020年版一部,
75,枳椇子,4,3.2,利水渗湿药,利水消肿药,平,甘,胃,,枳椇子,《中华本草》,
76,梨皮,4,3.2,未归类,,,,,,鸭梨皮（3）、秋梨皮（1）,,食疗品，性味待核
77,莱菔子,4,3.2,消食药,,平,辛、甘,肺、脾、胃,,莱菔子,《中华人民共和国药典》2020年版一部,
78,赭石,4,3.2,平肝息风药,平抑肝阳药,寒,苦,肝、心、肺、胃,,代赭石,《中华人民共和国药典》2020年版一部,
79,金银花,4,3.2,清热药,清热解毒药,寒,甘,肺、心、胃,,银花（2）、银花炭（1）、金银花（1）,《中华人民共和国药典》2020年版一部,
80,丝瓜络,3,2.4,祛风湿药,祛风湿热药,平,甘,肺、胃、肝,,丝瓜络,《中华人民共和国药典》2020年版一部,
81,冬瓜皮子,3,2.4,未归类,,,,,,冬瓜皮子,,冬瓜皮与冬瓜子并用，未拆分
82,北沙参,3,2.4,补虚药,补阴药,微寒,甘、微苦,肺、胃,,北沙参,《中华人民共和国药典》2020年版一部,
83,大枣,3,2.4,补虚药,补气药,温,甘,脾、胃、心,,道墟官枣（1）、红枣（1）、小京枣（1）,《中华人民共和国药典》2020年版一部,
84,梨,3,2.4,未归类,,,,,,鸭梨肉（2）、雅梨肉（1）、甜梨肉（1）,,食疗品，性味待核
85,淡豆豉,3,2.4,解表药,发散风热药,凉,苦、辛,肺、胃,,香豉（2）、豆豉（1）,《中华人民共和国药典》2020年版一部,
86,玄参,3,2.4,清热药,清热凉血药,微寒,甘、苦、咸,肺、胃、肾,,元参（3）、玄参（1）、乌玄参（1）,《中华人民共和国药典》2020年版一部,
87,百部,3,2.4,化痰止咳平喘药,止咳平喘药,微温,甘、苦,肺,,百部,《中华人民共和国药典》2020年版一部,
88,石膏,3,2.4,清热药,清热泻火药,大寒,甘、辛,肺、胃,,石膏（2）、尿浸石膏（1）,《中华人民共和国药典》2020年版一部,
89,苏梗通,3,2.4,未归类,,,,,,苏梗通,,含义待考（与苏叶梗同方并见，非同一药）
90,茯神,3,2.4,安神药,养心安神药,平,甘、淡,心、脾,,辰茯神,《中华本草》,茯苓附药，按功效归类
91,莱菔,3,2.4,未归类,,,,,,莱菔,,鲜萝卜，食疗品，性味待核
92,西洋参,3,2.4,补虚药,补气药,凉,甘、微苦,心、肺、肾,,毛西参,《中华人民共和国药典》2020年版一部,
93,败叫子,3,2.4,未归类,,,,,,败叫子,,民间用药，待考
94,黄芩,3,2.4,清热药,清热燥湿药,寒,苦,肺、胆、脾、大肠、小肠,,片黄芩（2）、青子芩（1）,《中华人民共和国药典》2020年版一部,
95,龙齿,3,2.4,安神药,重镇安神药,凉,甘、涩,心、肝,,青龙齿,"《中药学》（""十四五""规划教材）",龙骨附药
96,乳香,2,1.6,活血化瘀药,活血止痛药,温,辛、苦,心、肝、脾,,明乳香,《中华人民共和国药典》2020年版一部,
97,代代花,2,1.6,理气药,,平,甘、微苦,肝、胃,,代代花,《中华本草》,
98,冬虫夏草,2,1.6,补虚药,补阳药,平,甘,肺、肾,,冬虫夏草,《中华人民共和国药典》2020年版一部,
99,厚朴,2,1.6,化湿药,,温,苦、辛,脾、胃、肺、大肠,,卷川朴（1）、薄川朴（1）,《中华人民共和国药典》2020年版一部,
100,地骷髅,2,1.6,未归类,,,,,,地骷髅,,莱菔老根，性味待核
101,天葵子,2,1.6,清热药,清热解毒药,寒,甘、苦,肝、胃,,天葵子,《中华人民共和国药典》2020年版一部,
102,川楝子,2,1.6,理气药,,寒,苦,肝、小肠、膀胱,有小毒,川楝子,《中华人民共和国药典》2020年版一部,
103,珍珠母,2,1.6,平肝息风药,平抑肝阳药,寒,咸,肝、心,,真珠母（1）、珍珠母（1）,《中华人民共和国药典》2020年版一部,
104,白术,2,1.6,补虚药,补气药,温,苦、甘,脾、胃,,于术,《中华人民共和国药典》2020年版一部,
105,益母草,2,1.6,活血化瘀药,活血调经药,微寒,苦、辛,肝、心包、膀胱,,益母草,《中华人民共和国药典》2020年版一部,
106,知母,2,1.6,清热药,清热泻火药,寒,苦、甘,肺、胃、肾,,知母（1）、肥知母（1）,《中华人民共和国药典》2020年版一部,
107,秦艽,2,1.6,祛风湿药,祛风湿热药,平,辛、苦,胃、肝、胆,,秦艽（1）、左秦艽（1）,《中华人民共和国药典》2020年版一部,
108,芡实,2,1.6,收涩药,,平,甘、涩,脾、肾,,南芡实,《中华人民共和国药典》2020年版一部,
109,芦根,2,1.6,清热药,清热泻火药,寒,甘,肺、胃,,活水芦心（1）、活水芦笋（1）,《中华人民共和国药典》2020年版一部,
110,芦衣纸,2,1.6,未归类,,,,,,芦衣纸,,待考
111,茯苓皮,2,1.6,利水渗湿药,利水消肿药,平,甘、淡,肺、脾、肾,,浙苓皮（1）、浙茯皮（1）,《中华人民共和国药典》2020年版一部,
112,葱白,2,1.6,解表药,发散风寒药,温,辛,肺、胃,,葱头（1）、葱白（1）,"《中药学》（""十四五""规划教材）",
113,谷芽,2,1.6,未归类,,,,,,长须生谷芽（1）、谷芽（1）,,
114,赤小豆,2,1.6,利水渗湿药,利水消肿药,平,甘、酸,心、小肠,,杜赤小豆,《中华人民共和国药典》2020年版一部,
115,车前子,2,1.6,利水渗湿药,利尿通淋药,寒,甘,肝、肾、肺、小肠,,车前,《中华人民共和国药典》2020年版一部,
116,阿胶,2,1.6,补虚药,补血药,平,甘,肺、肝、肾,,阿胶,《中华人民共和国药典》2020年版一部,
117,青海粉,2,1.6,未归类,,,,,,青海粉,,待考（或为青黛拌海蛤粉）
118,青皮,2,1.6,理气药,,温,苦、辛,肝、胆、胃,,青皮,《中华人民共和国药典》2020年版一部,
119,丝瓜皮,1,0.8,未归类,,,,,,丝瓜翠衣,,
120,五加皮,1,0.8,祛风湿药,祛风湿强筋骨药,温,辛、苦,肝、肾,,五加皮,《中华人民共和国药典》2020年版一部,
121,人参须,1,0.8,未归类,,,,,,台参须,,性味待核
122,佛耳草,1,0.8,未归类,,,,,,佛耳草,,鼠曲草，性味待核
123,冬丝瓜皮子,1,0.8,未归类,,,,,,冬丝瓜皮子,,待考
124,凌霄花,1,0.8,活血化瘀药,活血调经药,寒,甘、酸,肝、心包,,紫葳花,《中华人民共和国药典》2020年版一部,
125,南北沙参,1,0.8,未归类,,,,,,南北沙参,,南、北沙参并用，未拆分
126,夜合花,1,0.8,未归类,,,,,,夜合花,,夜合花或合欢花，待考
127,大青叶,1,0.8,清热药,清热解毒药,寒,苦,心、胃,,大青,《中华人民共和国药典》2020年版一部,
128,女贞子,1,0.8,补虚药,补阴药,凉,甘、苦,肝、肾,,女贞子,《中华人民共和国药典》2020年版一部,
129,姜汁,1,0.8,未归类,,,,,,姜汁,,生姜汁
130,寒水石,1,0.8,未归类,,,,,,寒水石,,性味待核
131,射干,1,0.8,清热药,清热解毒药,寒,苦,肺,,射干,《中华人民共和国药典》2020年版一部,
132,山楂,1,0.8,消食药,,微温,酸、甘,脾、胃、肝,,楂肉,《中华人民共和国药典》2020年版一部,
133,干姜,1,0.8,温里药,,热,辛,脾、胃、肾、心、肺,,干姜,《中华人民共和国药典》2020年版一部,
134,广杏仁,1,0.8,未归类,,,,,,广杏仁,,苦杏仁或南杏（甜杏仁），待考
135,建兰叶,1,0.8,未归类,,,,,,建兰叶,,待考
136,扁豆花,1,0.8,未归类,,,,,,扁豆花,,性味待核
137,昆布,1,0.8,化痰止咳平喘药,清化热痰药,寒,咸,肝、胃、肾,,昆布,《中华人民共和国药典》2020年版一部,
138,木蝴蝶,1,0.8,清热药,清热解毒药,凉,苦、甘,肺、肝、胃,,木蝴蝶,《中华人民共和国药典》2020年版一部,
139,木通,1,0.8,利水渗湿药,利尿通淋药,寒,苦,心、小肠、膀胱,,细木通,《中华人民共和国药典》2020年版一部,
140,枇杷肉,1,0.8,未归类,,,,,,枇杷肉,,食疗品
141,柏子仁,1,0.8,安神药,养心安神药,平,甘,心、肾、大肠,,柏子仁,《中华人民共和国药典》2020年版一部,
142,棕子尖,1,0.8,未归类,,,,,,棕子尖,,待考
143,橘络,1,0.8,未归类,,,,,,橘络,,性味待核
144,沙苑子,1,0.8,补虚药,补阳药,温,甘,肝、肾,,沙苑子,《中华人民共和国药典》2020年版一部,
145,海藻,1,0.8,化痰止咳平喘药,清化热痰药,寒,苦、咸,肝、胃、肾,,海藻,《中华人民共和国药典》2020年版一部,
146,熟地黄,1,0.8,补虚药,补血药,微温,甘,肝、肾,,熟地露,《中华人民共和国药典》2020年版一部,
147,牡丹皮,1,0.8,清热药,清热凉血药,微寒,苦、辛,心、肝、肾,,粉丹皮,《中华人民共和国药典》2020年版一部,
148,玄明粉,1,0.8,泻下药,攻下药,寒,咸、苦,胃、大肠,,元明粉,《中华人民共和国药典》2020年版一部,
149,瓦楞子,1,0.8,化痰止咳平喘药,清化热痰药,平,咸,肺、胃、肝,,瓦楞子,《中华人民共和国药典》2020年版一部,
150,甜葶苈梗叶,1,0.8,未归类,,,,,,甜葶苈梗叶,,待考
151,甜葶苈草,1,0.8,未归类,,,,,,甜葶苈草,,待考
152,白石英,1,0.8,未归类,,,,,,白石英,,
153,白鲜皮,1,0.8,清热药,清热燥湿药,寒,苦,脾、胃、膀胱,,白藓皮,《中华人民共和国药典》2020年版一部,
154,真绛通,1,0.8,未归类,,,,,,真绛通,,待考
155,石菖蒲,1,0.8,开窍药,,温,辛、苦,心、胃,,菖蒲根,《中华人民共和国药典》2020年版一部,
156,竹沥,1,0.8,未归类,,,,,,竹沥,,鲜竹沥，性味待核
157,紫花,1,0.8,未归类,,,,,,紫花,,待考
158,细辛,1,0.8,解表药,发散风寒药,温,辛,心、肺、肾,,北细辛,《中华人民共和国药典》2020年版一部,
159,羚羊角,1,0.8,平肝息风药,息风止痉药,寒,咸,肝、心,,碎羚角,《中华人民共和国药典》2020年版一部,
160,芥子,1,0.8,化痰止咳平喘药,温化寒痰药,温,辛,肺,,白芥子,《中华人民共和国药典》2020年版一部,
161,草果,1,0.8,化湿药,,温,辛,脾、胃,,草果仁,《中华人民共和国药典》2020年版一部,
162,荷叶,1,0.8,收涩药,,平,苦,肝、脾、胃,,干荷叶,《中华人民共和国药典》2020年版一部,莲子附药
163,荷花,1,0.8,未归类,,,,,,荷花露,,
164,菩提子根,1,0.8,未归类,,,,,,菩提子根,,待考
165,葡萄干,1,0.8,未归类,,,,,,葡萄干,,食疗品
166,葶苈子,1,0.8,化痰止咳平喘药,止咳平喘药,大寒,辛、苦,肺、膀胱,,葶苈子,《中华人民共和国药典》2020年版一部,
167,薤白,1,0.8,理气药,,温,辛、苦,心、肺、胃、大肠,,干薤白,《中华人民共和国药典》2020年版一部,
168,藕节,1,0.8,止血药,收敛止血药,平,甘、涩,肝、肺、胃,,藕节,《中华人民共和国药典》2020年版一部,
169,蝉蜕,1,0.8,解表药,发散风热药,寒,甘,肺、肝,,蝉衣,《中华人民共和国药典》2020年版一部,
170,蝼蛄,1,0.8,未归类,,,,,,地蛄蝼,,性味待核
171,谷精草,1,0.8,清热药,清热泻火药,平,辛、甘,肝、肺,,谷精草,《中华人民共和国药典》2020年版一部,
172,豆蔻,1,0.8,化湿药,,温,辛,肺、脾、胃,,蔻末,《中华人民共和国药典》2020年版一部,
173,路路通,1,0.8,祛风湿药,祛风通络药,平,苦,肝、肾,,路路通,《中华人民共和国药典》2020年版一部,
174,郁李仁,1,0.8,泻下药,润下药,平,辛、苦、甘,脾、大肠、小肠,,郁李净仁,《中华人民共和国药典》2020年版一部,
175,重楼,1,0.8,清热药,清热解毒药,微寒,苦,肝,有小毒,粉重楼,《中华人民共和国药典》2020年版一部,
176,金星鱼鳖草,1,0.8,未归类,,,,,,金星鱼鳖草,,待考
177,金汁,1,0.8,未归类,,,,,,金汁,,待考
178,防己,1,0.8,祛风湿药,祛风湿热药,寒,苦,膀胱、肺,,汉防己,《中华人民共和国药典》2020年版一部,
179,青泻叶,1,0.8,未归类,,,,,,青泻叶,,待考
180,青童便,1,0.8,未归类,,,,,,青童便,,待考
181,青箬尖,1,0.8,未归类,,,,,,青箬尖,,箬叶尖，待考
182,鱼鳖草,1,0.8,未归类,,,,,,鱼鳖草,,待考
183,鸡子白,1,0.8,未归类,,,,,,鸡子白,,食疗品
184,麦冬,1,0.8,补虚药,补阴药,微寒,甘、微苦,心、肺、胃,,原麦冬,《中华人民共和国药典》2020年版一部,
185,麻黄,1,0.8,解表药,发散风寒药,温,辛、微苦,肺、膀胱,,带节麻黄,《中华人民共和国药典》2020年版一部,
186,黄芪,1,0.8,补虚药,补气药,微温,甘,肺、脾,,芪皮,《中华人民共和国药典》2020年版一部,
187,龙骨,1,0.8,安神药,重镇安神药,平,甘、涩,心、肝、肾,,化龙骨,"《中药学》（""十四五""规划教材）",
188,龟甲,1,0.8,补虚药,补阴药,微寒,咸、甘,肝、肾、心,,龟甲心,《中华人民共和国药典》2020年版一部,
