药物,频次,度,加权度,介数中心性,社区
瓜蒌子,67,17,432,0.1129,1
陈皮,62,16,390,0.1079,2
紫菀,53,14,348,0.0,1
桑叶,59,13,339,0.0746,1
白前,49,15,339,0.006,1
马兜铃,53,12,310,0.0,1
蛤壳,49,12,295,0.0444,1
苦杏仁,48,15,290,0.006,2
竹茹,47,12,253,0.0444,1
款冬花,35,11,214,0.0,1
半夏,31,10,180,0.0454,2
胖大海,31,8,163,0.0,1
薏苡仁,29,8,132,0.0,2
牛蒡子,36,7,118,0.0,3
滑石,38,7,108,0.0444,3
前胡,28,6,97,0.0,2
甜杏仁,20,6,86,0.0,1
茯苓,23,4,73,0.0,2
旋覆花,22,2,29,0.0,1
血见愁,16,1,16,0.0,1
郁金,23,1,14,0.0,1
淡竹叶,22,1,14,0.0,3
桑白皮,18,1,13,0.0,1
远志,17,1,13,0.0,2
桑枝,17,0,0,0.0,4
菊花,17,0,0,0.0,5
金橘,17,0,0,0.0,6
瓜蒌皮,15,0,0,0.0,7
甘草,15,0,0,0.0,8
白薇,15,0,0,0.0,9
连翘,15,0,0,0.0,10
石斛,14,0,0,0.0,11
紫苏子,14,0,0,0.0,12
