disease_id,disease,n_cases,signature_herbs,signature_symptoms
Disease_6a4c94411f,咳嗽,37,瓜蒌仁、光杏仁、冬桑叶、新会皮、竹茹、前胡,咳嗽、胃钝、胸闷、口腻、痰多
Disease_500f2d696d,湿热,25,滑石、竹叶、广郁金、瓜蒌仁、枳实、佩兰叶,胃钝、肢懈、口腻、胸闷、便闭
Disease_ba394d0958,湿温,19,滑石、山栀、竹叶、苏薄荷、苏叶梗、杜藿梗,胃钝、头痛、胸闷、身热、口渴
Disease_43a753163f,湿热兼风,13,滑石、佩兰叶、广郁金、竹叶、苏薄荷、西茵陈,胃钝、头痛、肢懈、胸闷、身热
Disease_059ff1e96a,湿热夹食,13,滑石、佛手片、竹叶、莱菔子、打延胡、打鸡金,腹痛、胃钝、身热、便闭、胸闷
Disease_401b7c3b09,暑湿夹食,11,竹叶、山栀、桑枝、佩兰叶、枳壳、滑石,胃钝、身热、胸闷、口苦、口腻
Disease_6e56165d9a,湿热阻中,11,滑石、杜藿梗、佩兰叶、佛手片、广郁金、竹叶,胃钝、口腻、肢懈、口淡、口苦
Disease_d9f0570196,疟,11,滑石、山栀、竹叶、桑枝、苏叶梗、草果仁,口渴、胃钝、溺赤热、肢懈、便闭
Disease_fff073474c,暑湿兼风,10,滑石、冬桑叶、广郁金、桑枝、滁菊花、苏叶梗,胃钝、身热、头痛、寒热、肢懈
Disease_e45226c90e,肝风,8,明天麻、石决明、竹茹、东白薇、佩兰叶、冬桑叶,头晕、心跳、夜少寐、耳鸣、胃钝
Disease_b00e0a8d75,暑湿,7,竹叶、冬桑叶、滑石、苏薄荷、山栀、青蒿,胸闷、肢懈、胃钝、头晕、身热
Disease_9f2f7df256,肝阳犯胃,7,广郁金、竹茹、石决明、香附、代赭石、佛手片,呕酸、便溏、溺热、胸闷、脘痛
Disease_ebe013103d,肝火烁肺,6,安南子、青盐陈皮、海蛤壳、白前、竹茹、紫菀,咳痰带血、痰嗽、不得右卧、两腰疲痛、两足酸疼
Disease_ab6341dc19,肺痨,6,紫菀、海蛤壳、白前、东白薇、地骨皮、安南子,乍寒乍热、五心烦热、便溏、口燥、咳吐不爽
Disease_673102515a,久嗽,5,白前、紫菀、金橘脯、于术、佩兰叶、新会皮,气逆、面浮、中脘满、便溏泄泻、动则喘息
Disease_3fe9608e14,湿滞中焦,5,新会皮、杜藿梗、米仁、佛手片、桑枝、浙茯苓,肢懈、胃钝、两足酸痛、乏味、便如白沫
Disease_062b73f5ee,湿热夹肝气,5,广郁金、滑石、香附、竹茹、西茵陈、佛手片,胃钝、便不畅、口腻、心跳、肢懈
Disease_30dab058d9,肝火,5,海蛤壳、东白薇、冬桑叶、瓜蒌仁、竹茹、夏枯草,咳血、心跳、呕血、夜间有梦、头晕
Disease_9dfaf1f2ff,肝风上翔,5,石决明、明天麻、竹茹、丝通草、佩兰叶、元参心,头晕、心跳、胸闷、两足发抽、便溏不爽
Disease_30268bfa60,劳嗽,4,京川贝、天冬、杜兜铃、甘草、真柿霜、东白薇,失音、五心烦热、便溏、便溏如薄酱、便血
Disease_56764ab82d,暑湿兼寒,4,苏叶梗、葱白、光杏仁、香豉、新会皮、桔梗,头痛、肢懈、形寒、胃钝、身热
Disease_c723b95875,肝气犯胃,4,甘松、代赭石、石决明、竹茹、广郁金、延胡,呕酸、吐苦、脘痛、二便不利、气逆
Disease_9d5916ada5,肝胃不和,4,延胡、明乳香、瓦楞子、代赭石、广郁金、瓜蒌仁,便不畅、呕酸、二便不利、吐痰、咽阻
Disease_94b84d35be,肝胃气痛,4,明乳香、延胡、石决明、竹茹、代赭石、姜炒川连,呕酸、上逆、二便不利、便不畅、口腻
Disease_cd360e7264,冬温,3,青连翘、牛蒡子、瓜蒌皮、肥知母、莱菔、冬桑叶,便如红酱、口渴、咳嗽、嗳气、夜间口渴
Disease_92c21e3778,呕吐,3,广郁金、浙茯苓、滑石、石决明、竹沥半夏、竹茹,便不畅、便泄、口淡、呕吐、呕吐酸水
Disease_28ec1de5ea,喘,3,苏子、光杏仁、地骷髅、桑皮、瓜蒌仁、白前,两足浮软、二便不利、便不畅、口淡、咳嗽
Disease_b216bcb76f,干咳,3,安南子、冬桑叶、旋覆花、瓜蒌仁、甜杏仁、紫菀,喉痒、乍寒乍热、口腻、咳痰稀白、头胀
Disease_991f3a7232,泄泻,3,煨木香、于冬、保和丸、南芡实、原麦冬、太子参,口干、水泻、溺清、牙痛、粪中夹积
Disease_735ac27c1d,湿热夹肝风,3,佩兰叶、明天麻、滁菊花、杜藿梗、桑麻丸、滑石,口淡、胃钝、口淡而腻、咳痰稠粘、嗳气
Disease_6d2eac5841,湿热脚气,3,木香槟榔丸、滑石、地蛄蝼、山栀、桑枝、汉防己,便不畅、小便赤热、两足尤甚、二便不利、口淡而腻
Disease_260156a6a1,湿阻,3,新会皮、光杏仁、冬瓜皮、浙茯苓、竹沥半夏、五加皮,胃钝、下午发热、便泻、口淡、咳嗽
Disease_9f713203d6,痰湿热阻滞肺胃,3,滑石、瓜蒌仁、光杏仁、前胡、山栀、枳实,胃钝、胸闷、便不畅、便闭、咯痰
Disease_3ec121b5d9,肝郁,3,白芍、于毛术、代赭石、墨鱼骨、宽筋草、小京枣,久呕酸苦、头略痛、肠鸣、脘痛、腰脊酸疼
Disease_fb7c4a3834,肝郁犯胃,3,打延胡、旋覆花、枳实、浙茯苓、滑石、瓜蒌仁,便不畅、胃钝、便不爽、便黄黑、口腻
Disease_14e070824c,肺热,3,安南子、海蛤壳、冬桑叶、瓜蒌仁、紫菀、青盐陈皮,咳血、喉痒、咯痰尚稠、咳嗽、嗽稠痰
Disease_f6aeebe75e,胸闷,3,新会皮、枳实、滑石、瓜蒌仁、丝通草、佛手片,胸闷、气逆、便虽通尚不畅、咽阻、喉阻
Disease_4bce73c763,腹痛,3,明乳香、赤苓、乌梅炭、于术、代赭石、使君子肉,呕吐、呕苦、咽阻、有块攻起、气逆
Disease_c33b302700,中风,2,石决明、竹茹、丝瓜络、半夏、旋覆花、明天麻,口不能言、口歪于左、咯痰难、多稀涎、手臂关节痛
Disease_e846aac48b,久咳,2,冬桑叶、款冬花、甜杏仁、紫菀、野百合、杜兜铃,下午发热、便不爽、咯痰带血、咳痰带血、喉痛
Disease_a998f91f63,久泻,2,于术、白芍、乌梅、乌梅炭、使君子肉、党参,便溏、呕吐、溺短、片虫
Disease_6cac7c29f8,便泄,2,佩兰叶、新会白、滑石、米仁、丝瓜络、佛手片,便泄略减、便泄腹痛、口淡胃钝、口腻、右腿重痛
Disease_4491341576,便血,2,乌梅炭、京川贝、地榆炭、川楝子、月石、杜兜铃,便血、劳嗽、夜少寐、失音、溺微热
Disease_1398caa1bd,咳痰,2,安南子、海蛤壳、白芍、竹茹、东桑叶、京川贝,便时急、口苦舌燥、咯痰粘而不爽、咳痰稠粘而咸、夜少寐
Disease_c6da8f4f58,咳血,2,冬桑叶、瓜蒌仁、甜杏仁、安南子、川黄草、月石,咳吐不爽、咳血、喉痒、嗽稠痰、四肢酸疼
Disease_cfbf2da052,失音,2,京川贝、月石、杜兜铃、牛蒡子、甘草、白桔梗,便血、劳嗽、咳气不爽、夜少寐、失音
Disease_048419e46f,头痛,2,竹叶、苏叶梗、苏薄荷、青连翘、佩兰叶、保和丸,头痛、胃钝、下午热甚、发冷、口腻
Disease_487ebba699,时瘄,2,丹皮、冬笋尖、前胡、大青、桑叶、桑枝,夜有谵语、夜间口渴、昏言、气急喉痛、气逆咳喘
Disease_f2ac153806,晕厥,2,东白薇、滑石、瓜蒌仁、石决明、远志、冬桑叶,晕厥、两手发痉、双目上视、双目斜视、口噤不语
Disease_634462ced4,暑湿兼寒夹食,2,佩兰叶、山栀、新会皮、浙苓皮、滑石、竹叶,寒热、胸闷、便如红酱、小便短少、小便赤热
Disease_19b0c14d74,暑痧夹食,2,左金丸、滑石、竹叶、竹茹、米仁、五香膏,上吐酸苦、下泄而热、口渴、呕酸、小溲全无
Disease_4b932eefcb,水肿,2,丝通草、于术、五加皮、光杏仁、冬瓜皮、川桂枝,喘不得卧、大便热且红、小便短热、心跳、脘腹胀满
Disease_d07a48086b,湿热化痰,2,前胡、桑枝、滑石、瓜蒌仁、紫菀、佩兰叶,胃钝、便不爽、口燥、口腻、咳嗽
Disease_c67965e36d,湿热积滞,2,枳实、滑石、佛手片、佩兰叶、保和丸、冬瓜皮,胃钝、便不爽、口淡、溺黄热、腹痛
Disease_12fcac2b84,湿热肝风,2,代代花、佩兰叶、明天麻、滁菊花、滑石、竹叶,头晕、胃钝、便不爽、口腻、口苦
Disease_d408fda937,湿阻气滞,2,佛手片、佩兰叶、广郁金、新会皮、滑石、光杏仁,口淡、痞满、耳鸣、肢懈、肺痛
Disease_9fd76253c5,牙痛,2,冬桑叶、滑石、谷精草、辰茯神、代代花、佩兰叶,胃钝、二便不利、口腻、夜不安寐、形寒发热
Disease_8c21866565,痰喘,2,冬桑叶、旋覆花、枳壳、桑皮、滑石、牛蒡子,口腻、咳痰稀白、咳痰黄白相兼、夜不得卧、溺黄热
Disease_d41fa4584c,痰嗽,2,冬桑叶、白前、紫菀、光杏仁、川黄草、新会皮,咳吐不爽、四肢酸疼、大便夹痰、神弱、胃钝
Disease_cccae6d643,痰壅气喘,2,九制胆星、京川贝、寒水石、旋覆花、枳壳、桑皮,便闭、口渴、咳吐不出、咳痰粘而不爽、喉中漉漉有声
Disease_71aa5643c9,痰湿热阻肺胃,2,佩兰叶、西茵陈、佛手片、光杏仁、冬桑叶、冬瓜皮,口苦、咯痰甚多、咳痰白多黄少、头胀、肢懈
Disease_d96d5d75e5,痰阻,2,光杏仁、前胡、射干、广皮、广郁金、杏仁,胸闷、口干、咳嗽、咳痰不爽、喉有痰声
Disease_54f654b2a5,痰饮,2,新会皮、浙茯苓、于术、佩兰叶、光杏仁、前胡,便不畅、呕吐、咳痰、咳痰不爽、左腹痛
Disease_de135a1251,痰饮咳嗽,2,新会皮、炙草、竹沥半夏、米仁、光杏仁、冬瓜子,咳嗽、便不畅、口淡、吐稀痰、夜不能寐
Disease_a8c698a3ab,神经衰弱,2,竹茹、佛手片、佩兰叶、保和丸、冬桑叶、川断,口腻、夜梦纷纭、头晕目眩、肢懈无力、胃钝
Disease_7914e495ee,肝厥,2,石决明、厥症返魂丹、天麻、左牡蛎、广郁金、旋覆花,二便不通、便闭、口燥、噤不语、晕厥
Disease_73aece6f37,肝气夹湿热,2,甘松、白芍、丹皮、北沙参、南芡实、川黄草,溺热、腹痛、便泄不爽、便溏、口淡
Disease_46d473943c,肝火冲肺,2,海蛤壳、竹茹、冬桑叶、北沙参、参三七、安南子,便溏、咳血色红、喉热、头晕、心摇
Disease_106bc21c84,肝热,2,乌元参、元明粉、冬桑叶、安南子、杜兜铃、枳实,便不爽、咳痰带血、喉痛、溺黄热、脘中热满
Disease_ff6f54711c,肝阳上冲,2,明天麻、石决明、青龙齿、丝瓜络、光桃仁、冬桑叶,便闭五六日、头晕、干咳、形寒、心泛
Disease_934015ca53,肝阳头痛,2,代赭石、石决明、竹茹、冬桑叶、吴茱萸、姜炒川连,便闭、头痛、口腻、吐苦、呕吐清水
Disease_74fc25fa99,肝风冲脑,2,桑麻丸、茯神木、佛手片、佩兰叶、保和丸、六味丸,口腻、口角流涎、咯吐白痰、咯痰稀白、头晕目眩
Disease_a2942dbcf1,肝风夹湿热,2,丝瓜络、滑石、络石藤、冬桑叶、夏枯草、天麻,头晕、下痢、口淡而苦、咳血、喉痛
Disease_e4afd100c5,肝风挟湿,2,石决明、佩兰叶、冬桑叶、冬瓜子、夏枯草、天麻,头晕、便不畅、口腻、心跳、筋惕肉瞤
Disease_5b1d0ddfd5,肝风挟痰,2,瓜蒌仁、远志、东白薇、卷心竹叶、双勾藤、广皮红,两手发痉、双目上视、双目斜视、口噤、头身热
Disease_2d3261f4ab,肺劳,2,白前、石决明、紫菀、青盐陈皮、代赭石、十灰丸,吐血、咳嗽白痰、咳痰带血、咳痰气急、头身自汗
Disease_63c8ad1e17,肺热咳,2,冬桑叶、海蛤壳、瓜蒌仁、竹茹、冬瓜皮子、十灰丸,下午身微热、便燥、咳甚、咳痰带血、溺赤热
Disease_34b264bff4,肺热咳嗽,2,冬桑叶、安南子、佛耳草、杜兜铃、枇杷肉、款冬花,咯吐稠痰、白痰、胸痛、腰胁均痛、色黄
Disease_7e6c2a41bf,肺热咳血,2,冬桑叶、竹茹、血见愁、元霜紫雪膏、冬瓜皮、十灰丸,咳血、咯痰粘稠、寒热、心跳、气逆
Disease_b9003a25ab,肺燥,2,杏仁、牛蒡、瓜蒌仁、蛤壳、马兜铃、元胡,口干、咳嗽、喉痒、头胀、干咳无痰
Disease_2b37ceb121,肺痈,2,冬桑叶、海蛤壳、京川贝、安南子、杜兜铃、桑皮,口淡、咳吐黄白相兼、日夜咳吐、溺黄热、燥咳亦多
Disease_61d9f869b7,肾虚肝旺,2,人中白、冬葵子、北沙参、南芡实、川柏、川黄草,便痛、便频、口干咽燥、头晕、小便点滴而痛
Disease_127aeb752f,胀,2,滑石、腹皮、鸡金、京三棱、佛手片、光杏仁,二便不利、口腻、咳痰不爽、溺赤热、胃钝
Disease_ab838ec727,胃不健,2,安南子、小京枣、川黄草、扁豆皮、新会白、桑叶,咳嗽、声音渐底、干咳、胁痛、胃不健
Disease_e78d39a703,胸痹,2,宣木瓜、宽筋草、川楝子、干薤白、广郁金、延胡,不能坐卧、便不畅、大便坚燥、大便甚热、胃筋抽痛
Disease_58860a1f9d,脚气,2,东白薇、二妙丸、京川贝、佛手片、佩兰叶、冬瓜皮,上气不接下气、便不畅、口淡、咳吐粘痰、头胀
Disease_59284f767c,腰痛,2,络石藤、䗪虫丸、九香虫、光桃仁、川断、川续断,便不畅、发热刺痛、夜梦纷纭、腰脊酸痛
Disease_7c92fea751,酒毒伤肺,2,丝通草、光杏仁、冬瓜子、参三七、天冬、带节麻黄,下午形寒、咳痰见血、失音、干咳、胁胸微痛
Disease_27d078c3a8,顿咳,2,牛蒡子、光杏仁、冬瓜子、冬瓜皮子、安南子、小京枣,咯吐白痰、咳甚则呕吐白痰而粘、气逆、身热、连声顿咳
Disease_ffb2dbcb0c,风火牙痛,2,滁菊花、苏薄荷、谷精草、元明粉、冬桑叶、夏枯草,便闭、头疼、头痛、牙痛、腮肿
Disease_219c32000d,黄疸,2,丝瓜络、滑石、西茵陈、地骷髅、夏枯草、广郁金,两足肿、便秘、便闭、气逆、溺如茶卤
Disease_19231b2d44,下利白积,1,川楝子、延胡、明乳香、楂肉、瓜蒌皮、甘松,口淡、少腹痛、带下、胃钝
Disease_b6d84cd93e,下焦阴虚肝热湿阻,1,东白薇、丝瓜络、代代花、南芡实、宽筋子、宽筋草,咳嗽、肠鸣、胃钝
Disease_db865977e6,下痢,1,佛手片、冬桑叶、广郁金、延胡、新会白、明乳香,干呕、胃疼、腹痛、里急后重
Disease_c8d7058d6b,下虚,1,北细辛、左牡蛎、石决明、石菖蒲根、磁朱丸、耳聋左慈丸,少寐、左耳失聪、心跳
Disease_7543342af1,不寐,1,南烛子、南芡实、夜交藤、夜合花、左牡蛎、带壳春砂,夜不能寐、头晕、心摇、清晨水泻
Disease_111bb73181,两目失明,1,大青、新会白、白池菊、石决明、石斛、碎羚角,口苦、头痛、胃钝
Disease_3ab4791f08,中土形寒吐饭,1,东白薇、代赭石、宽筋草、广郁金、海蛤粉、甘松,吐饭、形寒、瘀血
Disease_d3a1a7faa7,久嗽伤肺,1,安南子、川黄草、左秦艽、明天麻、月石、杜兜铃,咳痰带血、遍身筋骨酸痛
Disease_ea67deebb2,久泻脱肛,1,于术、升麻、地榆、川芎、广木香、扁笋尖,大便带红、小溲短少
Disease_0b5a1ea4c0,产后自汗,1,嫩姜、小京枣、新会白、桂枝木、炙草、白归身,卫虚自汗、筋脉痉挛
Disease_cb5faaf7e3,伏热生风,1,东白薇、大补阴丸、女贞子、明天麻、桑芽、桑麻丸,头晕、耳鸣、背腰抽痛
Disease_beb5bdeed4,休息痢,1,升麻、桂圆肉、燉鳖甲胶、玉枢丹、益元散、竹茹,
Disease_c4998c854c,伤暑,1,冬桑叶、冬瓜子、广郁金、扁豆衣、新会白、桑枝,二便均闭、发热、夜间时时惊醒、心怯昏言、肢冷
Disease_64a47453dd,伤风,1,东白薇、乌玄参、京川贝、元参、刮淡竹茹、刮竹茹,五心烦热、咽痛、失音、痰薄而粘、食后脘满
Disease_54f22a3e1f,伤食伏热,1,广郁金、枳实、滑石、瓜蒌仁、竹叶、竹茹,便不爽、口燥、头痛、干呕、气逆
Disease_540f279f6c,停饮,1,上沉香、东白薇、丝瓜络、乌贼骨、佛手片、佩兰叶,便不畅、口苦、呕气、头晕、左胁下胀痛
Disease_5d740c02ec,内热生风,1,京川贝、冬桑叶、天花粉、梨汁、海蛤壳、瓜蒌仁,便通而燥、左半身筋脉拘挛、溺短热
Disease_1c0c852193,冒暑,1,佩兰叶、广郁金、枳壳、滑石、瓜蒌皮、竹叶,口苦、溺黄热、肢懈、胸闷
Disease_ba70fe8fdc,冲任伏热激动肝风,1,东白薇、丹皮、冬桑叶、冬白薇、化龙骨、北五味,头晕、小便短热、心跳、手痉、欲厥
Disease_880dff61a3,劳伤,1,丽参须、于术、姜半夏、宽筋草、川桂枝、川续断,无力、肢麻
Disease_865cf8af3a,劳咳,1,冬桑叶、款冬花、海蛤粉、甜杏仁、白前、竹沥半夏,便不爽、咳痰带血
Disease_a977be3f99,劳嗼,1,冬桑叶、款冬花、浙茯苓、海蛤壳、甜杏仁、竹沥半夏,咳痰、头痛、耳鸣
Disease_4d86126090,半身不遂,1,双钩藤、滁菊花、滑石、石决明、石菖蒲、竹叶,大便一日不解、头身均热、头身渐向右边倾侧、神迷不语、胃不开
Disease_b3693d235c,发痉,1,双钩藤、明天麻、杜胆星、滁菊花、石决明、竹沥半夏,口吐白沫、头晕、头痛
Disease_d481e54aa9,发瘄,1,丝通草、京川贝、冬桑叶、前胡、夏枯草、大荸荠,便泄、便红而臭、口干、咳嗽有痰、大便色黑
Disease_48cc619f00,发颐,1,东白薇、京川贝、双钩藤、地栗、夏枯草、天葵子,上气不接下气、便不畅、咳吐粘痰、左颐中项而痛、气冲胸闷
Disease_8e95b189b9,口喎,1,丝瓜络、宽筋草、川楝子、延胡、明乳香、桑叶,肋骨痛由后窜背
Disease_ff95b06b15,口干身热,1,冬桑叶、月石、济银花、滁菊花、瓜蒌仁、碎羚角,便如红酱带血、口干、身热
Disease_7ba1a45899,口燥渴不引饮,1,半贝丸、海南子、滑石、片黄芩、竹叶、肥知母,口燥、渴不引饮、溺尚短赤
Disease_ddc9186457,口疳,1,原麦冬、天冬、尿浸石膏、月石、熟地露、生地,便燥、溺短
Disease_6f02b42073,吐血,1,乌参、元参、冬虫夏草、天麦冬、女贞子、牡蛎,便秘、吐血、喉燥、溺黄、腰疲痛
Disease_ea5204b190,呕血,1,东白薇、丹皮、京川贝、代代花、侧柏叶、光杏仁,胸闷、鼻塞
Disease_58bc16154f,咳,1,光杏仁、冬桑叶、前胡、新会皮、桔梗、浙茯苓,口苦、吐痰、胸痛
Disease_7ac40ad4b0,咳吐黑痰,1,丝通草、佩兰叶、光杏仁、新会皮、杜兜铃、杜藿梗,口腻、咳吐黑痰、溺黄而微热、肢懈、背微寒
Disease_f2192f0c3a,咳喘,1,光杏仁、冬桑叶、寒水石、左金丸、旋覆花、海蛤壳,便燥、口苦而燥、咳多浓痰、咳痰带红、喘不得卧
Disease_ec1463e843,哮病,1,东白芍、光杏仁、北五味、北细辛、姜半夏、川桂枝,咳吐白沫、咳嗽连声、睡则呼吸促迫
Disease_7a8b057dbf,善食便泻,1,乌梅炭、冬桑叶、旋覆露、杜兜铃、枇杷露、桑叶,咳嗽、烦啼、腹硬、身热
Disease_fe0545d5ff,喉痒干咳,1,光杏仁、打延胡、明乳香、春砂壳、滑石、甘松,便泄、口腻、喉痒、带下、干咳
Disease_0a8421efdf,喉痧,1,冬桑叶、广郁金、枳实、槟榔丸、滑石、灯芯,下午至夜热甚、二便不利、便闭、先寒后热、口燥渴
Disease_d14c5ffb27,喉痹,1,乌元参、京川贝、北沙参、天冬、尿浸石膏、瓜蒌仁,溺短热、脘满不舒
Disease_970a885420,喉蛾,1,万年青根、冬桑叶、吹玉钥匙、大青、安南子、滁菊花,体疼、便不爽、形寒、身热
Disease_9d116281a5,喘逆,1,冬虫夏草、北沙参、原麦冬、款冬、海蛤壳、炙草,咳痰、气逆、神倦、肢懈
Disease_0dce9b444e,嗽,1,光杏仁、地骷髅、宽膨散、滑石、牛蒡、瓜蒌仁,二便不利、咳痰不爽
Disease_50a53ce720,外寒内热,1,冬桑叶、冬瓜皮、明天麻、滁菊花、灯芯、瓜蒌皮,口咸、干呕、恶心、胃钝
Disease_e0a7aa450b,外感风湿,1,佛手片、佩兰叶、冬桑叶、冬瓜子、地栗、新会白,便尚宿垢、口腻、口臭、大便宿垢、形寒
Disease_6d7715a745,外风,1,光杏仁、宽筋草、广皮红、延胡、明乳香、木瓜,伸则更痛、伸缩不能自由、右胁胸脚窜痛、咳嗽、夜寐不安
Disease_56db5eeffb,多食伤脾,1,丝通草、佛手片、楂肉、浙茯苓、淮山药、竹叶,便溏、溺少、足肿、面浮
Disease_cdb95d8f47,大便不畅,1,佛手片、佩兰叶、导滞丸、广郁金、新会皮、滑石,便虽通尚不畅、溺赤、胸闷
Disease_ad232ad6fd,天痘内陷,1,元参心、玳瑁、瓜蒌仁、生地、竹沥、紫雪丹,人昏不语、口难下咽、唇舌齿燥
Disease_0b12d5d2b7,失聪,1,丝瓜络、丝通草、宽筋草、滑石、磁朱丸、络石藤,胃筋拘挛
Disease_55cb262e3a,头晕,1,广郁金、明天麻、桑寄生、滁菊花、竹茹、络石藤,口淡、头晕痛、带多、心泛、胃钝
Disease_db77d1153d,头晕痛,1,佩兰叶、广郁金、明天麻、枳壳、滁菊花、竹叶,头晕痛、背微寒、胸闷、身热
Disease_538f41e24b,寒湿头痛,1,光杏仁、川桂枝、新会皮、滑石、白芷、米仁,咳嗽白痰、头痛、形寒、指冷、腰痛
Disease_f15b5c41f7,寒热,1,佩兰叶、冬桑叶、牛蒡子、竹叶、苏叶梗、苏薄荷,头痛、寒热、胃钝、胸闷、身痛
Disease_3b2b273617,寒热身痛自汗,1,佛手片、佩兰叶、冬桑叶、山栀、新会皮、木香槟榔丸,便闭、口淡而苦、寒热、溺热、肢懈
Disease_3ebd4db743,寒热身腹痛,1,广郁金、槟榔丸、滑石、瓜蒌皮、竹叶、竹茹,寒热、胃钝、脘满、身腹痛
Disease_86daa36798,小便似淋非淋,1,冬瓜子、冬葵子、山栀、滑石、瓜蒌皮、秦艽,便不畅、小便似淋非淋、肢懈、身痛
Disease_a17022c048,少寐,1,南芡实、原麦冬、夜交藤、建兰叶、海蛤壳、熟地露,伏热上潮、便溏、口干舌燥、呕吐黏涎、咯吐痰涎
Disease_8ab0d364c8,干呕,1,丝瓜络、丝通草、代代花、佛手片、冬瓜子、安南子,二便不利、便闭、口燥、口苦、干呕
Disease_1867501208,心悸,1,东白薇、建兰叶、木茯神、滑石、灯芯、真珠母,夜则神烦发躁、头身发热、心脏悸动、连胀
Disease_f4acbfa423,心火肝风互结,1,冬桑叶、宽筋草、滁菊花、滑石、石决明、竹茹,寐少、心跳、手足筋脉串痛、汗多、胸热
Disease_4829bcf9e9,心肝火盛,1,佛手片、冬桑叶、北细辛、安神丸、左金丸、广郁金,口干、嗳气、夜间痛、头晕、牙痛
Disease_8fced9ec09,心肝血虚,1,川黄草、左牡蛎、新会白、白芍、石决明、阿胶,便燥、夜不寐安、头痛、心跳、筋惕肉瞤
Disease_29cd77a29c,心肾两亏脾胃不健,1,云茯神、仓米、化龙骨、半夏、左牡蛎、干荷叶包炒陈仓米,冷汗、多梦纷纭、夜寐不安、痰嗽、身体不倦
Disease_e6f3519dc2,心跳,1,代赭石、六和曲、卷川朴、双钩藤、姜半夏、宽筋草,上冲则心跳、上冲胸满、冲气上逆、咯痰、嗳气
Disease_4489f8e612,惊伤神志心悸胆怯,1,丝瓜络、佛手片、冬瓜子、冬葵子、夜合花、川楝子,作呕、咽酸、夜间少寐、大便欲解不解、心悸
Disease_ec16722da6,惊痫,1,九制胆星、北胆星、双钩藤、天麻、川贝母、左牡蛎,便少而艰、便燥、便闭、呕吐痰涎、四肢抽搐
Disease_06946459d9,手背肿痛,1,大青、忍冬藤、枳实、滑石、瓜蒌仁、紫花地丁,不便、不食、红肿热痛
Disease_ffeba02a4f,手足拘挛,1,宽筋草、川桂枝、川芎、当归、木瓜、滑石,两手筋急拘挛、口淡、右足筋急拘挛、胃钝
Disease_3b8ebae585,暑湿兼寒热,1,二妙丸、佛手片、佩兰叶、冬瓜皮、山栀、新会皮,口淡、头胀、肢懈、胃钝
Disease_eb71270dc3,暑湿化火,1,丝瓜络、冬桑叶、桑芽、滁菊花、滑石、灯芯,便泄、口渴、夜啼、身热
Disease_9b669c366a,暑湿化疟,1,光杏仁、冬瓜皮、山栀、常山、新会皮、杜藿香,口淡胃钝、口燥渴、头痛、形寒肢冷、肢懈
Disease_53d20ab46e,暑湿夹痧,1,佛手片、佩兰叶、山栀、杜藿梗、滑石、薄荷梗,二便赤热、口腻、肢懈、胃钝、脘满
Disease_1fa06f2a37,暑湿夹肝胃气,1,川连、广郁金、枳实、滑石、甘松、竹茹,下午热盛、便闭、吐苦酸呕、寒轻、溺赤
Disease_0bd2cf9864,暑湿挟肝风,1,冬桑叶、双钩藤、海南子、海蛤壳、滁菊花、灯芯,气急、神倦、神昏
Disease_ad1437ff85,暑湿类疟,1,丝通草、冬桑叶、川连、广郁金、木香槟榔丸、枳实,便闭、咳嗽、夜不安寐、干呕、溺赤热
Disease_434bd25963,暑湿腹痛,1,新会皮、枳实导滞丸、滑石、白蜜、竹茹、莱菔汁,下痢、吐乳、腹痛
Disease_4bf73e8e2e,暑湿霍乱,1,姜炒川连、广郁金、枳壳、滑石、竹叶、竹茹,便泄而热、吐苦、脘满、腹痛
Disease_e35f6fd3fd,暑湿食滞,1,佛手片、佩兰叶、冬瓜子、冬瓜皮、前胡、山栀,便闭、大便两日三次、溺赤、积滞不解、胃不开
Disease_b7904a4825,暑热化湿,1,乌梅炭、佩兰叶、扁豆花、桑枝、楂肉、煨香使子肉,头腹微热、溺短少、腹微痛
Disease_b076769f99,暑风伤肝咳血,1,光杏仁、冬桑叶、参三七、川黄草、新会皮、款冬,口腻、咳血、气逆、痰中带血、胃钝
Disease_7d9bd636a9,梅核气,1,代代花、前胡、广郁金、杜兜铃、桔梗、橘红,心跳、胸闷不舒、阻塞咽喉
Disease_c96b82e7bb,气咳,1,光杏仁、前胡、新会皮、桔梗、牛蒡子、瓜蒌皮,咳嗽无痰、溺如米泔、胃纳不健
Disease_2f6ef39af3,气滞湿阻,1,佛手片、地脄蝼、宽膨散、滑石、猪苓、瓜蒌皮,溺不利、腹大、足肿
Disease_4e4dcdd172,气滞胃热挟肝火,1,左金丸、广郁金、枳实、滑石、瓜蒌皮、竹叶,便闭、呵欠、干呕、胸脘烦闷
Disease_e1de8082ca,气虚头汗,1,于术、化龙骨、左牡蛎、淮小麦、淮山药、炙草,便溏、头汗
Disease_217e8da1b6,气逆,1,佛手片、光杏仁、前胡、地蛄蝼、带皮茯苓、新会皮,气逆晕厥、溺热、痰嗳略减、胃钝、面浮
Disease_c88e174519,气逆昏厥,1,光杏仁、厥症返魂丹、广郁金、牛蒡子、瓜蒌仁、石决明,怒则气逆、挟痰上涌、牙关紧闭、陡然昏厥
Disease_ae1be8c041,气逆痰嗽,1,光杏仁、冬桑叶、新会白、新会皮、杜藿梗、枳椇子,两手微痉、发冷、吐清水、咳痰、头痛
Disease_d8fb2f97c7,气郁,1,地骷髅、广郁金、旋覆花、滚痰丸、甘松、腹皮,二便不利
Disease_6499ec23c7,气阻痰喘,1,佛手片、光杏仁、前胡、新会皮、桂枝、桔梗,咳嗽有痰、气急、胃气不健
Disease_a5071ea5a3,水泄,1,仙露夏、光杏仁、化龙骨、北五味、南芡实、夏枯草,吐苦、腹痛
Disease_d7ad6793b4,泻,1,丝瓜络、扁豆衣、新会白、春砂壳、杜藿梗、竹茹,溺短热、热而不畅、肢懈、胃钝恶心
Disease_c241e6c2bc,浮肿,1,佛手片、光杏仁、前胡、地蛄蝼、带皮茯苓、新会皮,气逆晕厥、溺热、痰嗳略减、胃钝、面浮
Disease_daf3f652b8,淋,1,佩兰叶、冬瓜皮、山栀、川萆薢、桑枝、清宁丸,便不畅、口腻、夜少寐、胃钝、腹微痛
Disease_70ee837a0c,湿温兼寒,1,前胡、卷川朴、姜半夏、广郁金、枳壳、瓜蒌仁,发痉、头痛、形寒、气急、胸闷
Disease_2e61acb417,湿温化燥,1,元明粉、广郁金、活水芦笋、灯芯、玳瑁、瓜蒌仁,便闭三日、咳痰不出、昏厥不语、胸腹灼热、舌短不能伸
Disease_3cbbe516d4,湿温化疟,1,姜半夏、川桂枝、左秦艽、新会皮、浙茯苓、滑石,口淡而腻、胃钝、胸闷
Disease_48165ffedf,湿滞中下两焦,1,冬瓜子、大豆卷、川桂枝、新会皮、杜藿梗、枳壳,两腿重痛、口腻、胃钝
Disease_b100ced7e8,湿火下注肾茎头痛,1,佛手片、冬瓜子、冬葵子、川萆薢、汉木通、汉防己,便不畅、口淡、头痛、小便黄热、胃钝
Disease_93d611f585,湿火夹食,1,佩兰叶、冬桑叶、冬瓜皮子、广郁金、枳实、桑枝,便不畅、便闭、口苦、胃钝、胸闷
Disease_d6318d170f,湿火生疮,1,佛手片、佩兰叶、夏枯草、大青、天葵子、广郁金,便如红酱、口腻、溺短热、胃钝
Disease_a45db40c0f,湿热上蒸,1,佩兰叶、冬桑叶、广郁金、枳实、滁菊花、瓜蒌仁,便闭、气逆、溺热、胸闷、腹痛
Disease_18eef643de,湿热下注走浊,1,丝瓜络、二妙丸、地肤子、川柏、川萆薢、春砂壳,小便赤热、肢懈无力、走浊色白带红
Disease_5aab89c716,湿热串络筋痛,1,宽筋草、广橘络、打延胡、明乳香、桑枝、滑石,手足筋脉串痛、肢懈无力
Disease_051063ee80,湿热入络,1,丝瓜络、大腹绒、宽筋草、杜藿梗、米仁、络石藤,口淡、四肢软懈、肩背串痛、胃钝
Disease_1a90565697,湿热兼外感,1,佛手片、卷川朴、山栀、左金丸、枳实、滑石,头身痛、寒热、气逆作呕
Disease_6f8cba8613,湿热兼寒,1,新会皮、杜藿香、桂枝尖、浙苓皮、白芷、羌活,头痛、怕风、手足微冷
Disease_feac69a120,湿热兼脑风,1,二妙丸、川楝子、明天麻、桑芽、桑麻丸、滁菊花,脑筋刺痛、鼻略塞
Disease_504540c480,湿热内滞,1,广郁金、枳壳、滑石、猪苓、甘松、竹叶,便溏畅、口燥、溺短热、胃钝、胸腹满
Disease_50ea24bcf7,湿热咳痰带血,1,冬桑叶、十灰丸、安南子、山栀、广郁金、滑石,咳痰带血、心或时跳、溺黄热
Disease_5f79702821,湿热头痛,1,山栀、广郁金、枳壳、浙苓皮、竹叶、苏叶梗,口腻、头痛、肢懈、胃钝、胸闷
Disease_c19aa9fe90,湿热夹痧,1,代代花、佛手片、广郁金、杜藿梗、泽兰、滑石,口腻、肢懈、胃钝、胸闷
Disease_3e23f91e68,湿热夹肝胃气,1,佩兰叶、山栀、打延胡、明乳香、杜藿梗、楂肉,肢懈、胃钝、背脘串痛
Disease_16607565a6,湿热夹食腹痛,1,佛手片、打鸡金、新会皮、杜藿梗、条芩炭、滑石,便泄而热、大腹缓痛、溺黄热
Disease_0e6023fae5,湿热疟,1,半贝丸、常山、新会皮、海南子、滑石、竹茹,口腻、胃钝
Disease_ff4835162f,湿热瘾疹,1,丝通、冬桑叶、冬瓜皮、前胡、扁豆衣、新会皮,乍寒乍热、溺热、皮肤怪痒、身发瘾疹、面浮
Disease_ae99e5c9f3,湿热积滞受凉,1,佛手片、冬瓜子、延胡、新会皮、明乳香、春砂仁,口淡无味、口淡腻、肢懈、胃钝、腹微痛
Disease_86a9ea48e8,湿热肝气胸闷呕酸,1,东白薇、广郁金、明天麻、木蝴蝶、枳实、池菊花,便不畅、口干、口淡、呕酸、头晕
Disease_c8d30864ab,湿热肝风筋挛,1,佛手片、佩兰叶、冬桑叶、新会白、明天麻、杜藿梗,便不畅、内热、口淡、口腻、头微晕
Disease_9bde958a04,湿热胃痛,1,佛手片、冬桑叶、广郁金、延胡、新会白、明乳香,干呕、胃疼、腹痛、里急后重
Disease_8870f9381f,湿热脚气肿痛,1,丝瓜络、二妙丸、光杏仁、前胡、宽筋草、山栀,脚筋拘挛、足步履维艰
Disease_0ee392e906,湿热身痛,1,冬瓜子、冬葵子、山栀、滑石、瓜蒌皮、秦艽,便不畅、小便似淋非淋、肢懈、身痛
Disease_266711ea99,湿疟,1,乌梅炭、乌梅肉、于术、佛手、地骷髅、小京枣,便溏、口渴、寒热、溺热、溺白
Disease_f38ec544d2,湿阻吐泻,1,代赭石、佛手片、佩兰叶、川连、新会皮、旋覆花,呕吐频频、大便水泻、头晕而重、溺短少、胸脘痞塞
Disease_a9e8f7ff36,湿阻咳逆,1,丝瓜络、代赭石、旋覆花、桑枝、滑石、牛蒡子,一身筋骨串痛、口淡、咳逆、喘不得卧、溺热
Disease_54d5858ba1,湿阻夹痰,1,带壳春砂、带皮茯苓、广木香、打延胡、明乳香、甘松,咳嗽、夜少寐、水泻、痰多、肠鸣
Disease_69afcf5984,湿阻气郁,1,宽筋草、旋覆花、络石藤、香附,梦遗、牙痛、目燥、腰痛
Disease_c5fef75b27,湿阻肺胃寒热,1,光杏仁、山栀、滑石、肥知母、苏叶梗、苏梗通,便如红酱、咳痰渐爽、寒热、胃钝
Disease_145b7ef488,湿阻胸痞,1,丝通草、佩兰叶、冬瓜子、广郁金、新会皮、枳实,便不畅、呕酸、胸痞
Disease_871fb15491,湿阻腿痛,1,丝瓜络、佩兰叶、新会白、桑枝、汉防己、滑石,便泄腹痛、口腻、右腿重痛、嗳气、筋痛
Disease_0a0d72af36,湿阻食积,1,佛手片、冬瓜子、枳实、桑枝、滑石、瓜蒌仁,吐涎、嗳气、头晕、肢懈
Disease_2f56f8b191,溺白,1,天花粉、寒水石、川柏、川楝子、左牡蛎、当归龙荟丸,溺白甚多、胃口太开
Disease_6bc7c0c524,溺血,1,丝瓜络、冬瓜子、冬葵子、大蓟、小蓟、山栀,口发燥、口淡无味、溺血带紫
Disease_a36c14e82c,热剧生风,1,冬桑叶、双钩藤、山栀、明天麻、桑芽、滑石,口燥、啼叫不出、弄舌、手足挚瘛、手足瘛疭
Disease_0e8de9a508,热毒内蕴上腭连喉肿痛,1,京川贝、天葵子、桑皮、海蛤壳、瓜蒌仁、甘蔗,上腭连喉肿痛、两鼻并塞、便下溏热、口不能张大、右鼻时塞
Disease_c4921d49a0,热痧,1,佛手片、佩兰叶、新会皮、杜藿梗、滑石、竹叶,上吐、下泄、泻赤热、溺热色黄
Disease_66af5361a7,热盛手痉,1,佛手片、冬桑叶、山栀、左金丸、广郁金、滑石,手痉、谵语
Disease_a4c5d8ff98,热结膀胱,1,桑皮、汉木通、瓜蒌皮、蝼蛄,便泄、便闭三日、口苦、小便点滴而来、既痛且热
Disease_b938f11a89,热霍乱,1,山栀、杜藿梗、浙茯苓、滑石、竹茹、红灵丹,上吐黄水而酸、下则水泻而热、溺热点滴、腹甚痛
Disease_e9b31955d2,疟母,1,京三棱、佛手片、地蛄蝼、干蟾皮、打鸡金、春砂仁,口腻、溺赤热、胃钝、腹大而坚
Disease_b548121cd2,疠风,1,宽筋草、川桂枝、川芎、当归、木瓜、滑石,两手筋急拘挛、口淡、右足筋急拘挛、胃钝
Disease_1c80d129b3,疬窜,1,东白薇、北沙参、安南子、海蛤壳、甜杏仁、白芍,咳痰、腹部或漏
Disease_743da9f851,病后中气不足,1,小京枣、川黄草、新会白、浙茯苓、白芍、米炒党参,消化力薄、肢搦无力、胃气不健
Disease_d32aafc741,痉,1,冬桑叶、山栀、左金丸、广郁金、滁菊花、滑石,口苦而腻、夜不安寐、心跳、胃钝、胸闷
Disease_299f3d1dec,痉厥,1,天麻、广郁金、桑麻丸、池菊、泽兰、甘松,便不畅、头晕、心跳
Disease_a77e8c430a,痉挛胃痛,1,宽筋草、延胡、明乳香、泽兰、甘松、络石藤,呕酸、气滞、气逆、胃筋痉挛、脘痛
Disease_0a9ea45298,痔疮,1,佛手片、佩兰叶、保和丸、大豆卷、浙茯苓、滑石,口腻、胀痛
Disease_7a63fdb186,痛泻,1,于术、小京枣、带壳春砂仁、新会皮、浙茯苓、炙草,腹痛
Disease_d8284f3da6,痧,1,代赭石、吴茱萸、川连、打延胡、明乳香、楂肉,呕苦、有块攻起、胸膈气闷、腹痛甚剧
Disease_c413ca6e31,痧秽夹食,1,于术、佩兰叶、冬瓜皮、山栀、广郁金、扁豆衣,夜有慌梦、溺短赤热、肢懈、肢懈无力、胃钝
Disease_c4793e9f23,痨嗣,1,东白薇、京川贝、元参、带壳春砂、新会白、杜兜铃,便泄臭秽、吐酸、呕吐酸苦、神烦、稠痰
Disease_2307816279,痰嗳,1,佛手片、光杏仁、前胡、地蛄蝼、带皮茯苓、新会皮,气逆晕厥、溺热、痰嗳略减、胃钝、面浮
Disease_624e211628,痰多气急,1,丝通草、光杏仁、冬桑叶、冬瓜子、前胡、橘红,便为红酱、咳嗽、气急、痰多、身热
Disease_02b12570ba,痰核,1,乌元参、京川贝、夏枯草、天葵子、昆布、海藻,上颚红蒂丁下坠、项上痰核
Disease_c8e011833d,痰湿冲肺胃钝,1,代赭石、光杏仁、新会皮、旋覆花、海蛤壳、石决明,右半身不遂、气急、胃钝
Disease_5cb18e29a2,痰湿夹食,1,五加皮、光杏仁、地骷髅、大腹绒、姜半夏、川椒目,气逆、溺短、痰嗽、胸满、足肿
Disease_5547df37a6,痰湿火阻滞肺胃,1,佩兰叶、戈制半夏、旋覆花、枇杷叶、海蛤壳、海蛤粉,便艰且少、咯痰不爽、大便色黑如酱、头汗、气逆膈塞
Disease_2d83a150df,痰湿遏热,1,东白薇、丝瓜络、京川贝、佛手片、光杏仁、冬桑叶,便闭、口腻、咳嗽、头痛、胃钝
Disease_eb082d39ca,痰湿阻气,1,前胡、干薤白、广郁金、旋覆花、枳实、瓜蒌仁,便不爽、咯痰甚粘、头汗、气逆、溺短红热
Disease_af021e9e0f,痰痫,1,双钩藤、明天麻、杜胆星、滁菊花、石决明、竹沥半夏,口吐白沫、头晕、头痛
Disease_6e53ea250c,痰血,1,东白薇、安南子、川黄草、明天麻、海蛤壳、滁菊花,头晕、心摇、心跳、气急、胸胁痛
Disease_efb3fce8a2,痰迷清窍,1,前胡、桔梗、瓜蒌仁、皂角、真化橘红、石菖蒲,咯痰粘厚、神识时蒙时清
Disease_1f3290bf9c,痰阻气喘,1,光杏仁、前胡、旋覆花、橘红、牛蒡子、瓜蒌仁,内热、口淡、咳嗽、夜不得卧、气喘
Disease_00200b6989,痰阻气急咳吐,1,延胡、旋覆花、春砂仁、月石、桑皮、海蛤壳,便不畅、便闭、口干、咳吐、昏语
Disease_97c54accb0,瘄,1,光杏仁、前胡、桔梗、牛蒡子、瓜蒌皮、西紫草,咳嗽、气逆、身热
Disease_773ba8e2bd,瘄后伏热未清,1,京川贝、地骨皮露、海蛤壳、珍珠母、甘蔗汁、石决明,两太阳筋脉跳动、两鼻孔煽、交后半夜发热、交寅卯时仍发热、便多溺少
Disease_80343b9ca6,瘄后余毒,1,冬瓜皮、大青、桑叶、灯草心、瓜蒌皮、竹叶,口腭烂、咳嗽、夜叫、头尚热
Disease_635517e44b,瘄后余毒未净,1,京川贝、冬桑叶、地栗、安南子、新会白、杜兜铃,便闭、咳痰、善呕、嘈杂、溺利
Disease_623576aabe,癃闭,1,桑皮、汉木通、瓜蒌皮、蝼蛄,便泄、便闭三日、口苦、小便点滴而来、既痛且热
Disease_8470017bc1,白喉,1,京川贝、元参、北沙参、天冬、安南子、建兰叶,咳嗽、喉间两边痛、白腐、稠痰
Disease_7bea0a2f0a,白浊,1,佩兰叶、南芡实、山栀、川萆薢、川黄草、新会白,白浊、腰足重滞酸痛、足重而滞
Disease_aa547741d1,眩晕,1,化龙骨、左金丸、广郁金、明天麻、牡蛎、石决明,口苦、呕吐黄水、头出冷汗、胸闷
Disease_f003af2d5e,神经麻痹,1,丽参须、大活络丹、川桂枝、川黄草、当归、怀牛膝,眼泪较多
Disease_3fce1d3668,积热上蒸,1,枳实、海蛤壳、滑石、瓜蒌仁、白前、白芥子,便闭三日、倚息不得卧、气急、痰多、色黄而粘
Disease_b3377e1457,积癥,1,东白薇、代赭石、光桃仁、姜炒川连、娑婆子、寒水石,咯痰、块上攻、块仍攻痛、块顶气逆、干呕
Disease_e56ec066cd,类疟,1,佛手片、佩兰叶、光杏仁、山栀、新会皮、枳壳,咳嗽、溺赤热、痰多、胃钝、胸闷
Disease_650cc96acb,经期同房腰腹坠痛,1,丹皮、冬葵子、川楝子、延胡、明乳香、枣儿槟榔肉,便时更甚、经行不净、经行少而紫黑、腰腹坠痛
Disease_7ebfe2e1a2,经水断而复来,1,东白薇、左牡蛎、柏子仁、白芍、真西参、石斛,精神衰弱、胃气渐减
Disease_13ea1187f9,经行即止,1,光桃仁、卷川朴、地鳖虫、夜明砂、归须、打延胡,腹胀满
Disease_4e3ed1ad03,络瘀肝胀,1,地鳖虫、广郁金、当归龙荟丸、旋覆花、杜赤小豆、泽兰,便闭、孙络亦现、溺短、赤浊、青筋浮露
Disease_f612f15cbb,耳聋,1,丝瓜络、京三棱、冬瓜皮、冬瓜皮子、冬葵子、卷川朴,二便尚不甚畅、便解不畅、口腻、手足筋脉拘挛、筋脉拘挛
Disease_87173b83d1,耳鸣,1,丝通草、前胡、北细辛、春砂仁、桂枝、瓜蒌皮,咳嗽、经停两月、食后腹痛
Disease_9665455934,聋,1,丝通草、前胡、北细辛、春砂仁、桂枝、瓜蒌皮,咳嗽、经停两月、食后腹痛
Disease_095a602c6b,肝冲伏热,1,东白薇、大青、广郁金、活水芦根、滑石、生地,干呕、溺不利、胸腹灼热、腰腹窜痛下坠
Disease_0709045c89,肝气冲肺,1,安南子、左牡蛎、款冬、海蛤壳、紫菀、野百合,痰中带血
Disease_c3e4d79ec3,肝气夹痧,1,代代花、宽筋草、川断、带壳春砂、广郁金、打延胡,咳痰、胸闷、腰腹串痛
Disease_64ffe48bb4,肝气腹痛,1,代赭石、六和曲、卷川朴、双钩藤、姜半夏、宽筋草,上冲则心跳、上冲胸满、冲气上逆、咯痰、嗳气
Disease_2d51525871,肝火上升,1,丝瓜络、元胡、川楝子、枳壳、瓜蒌仁、竹茹,便秘、左胸胁串背刺痛、气急、胸闷
Disease_a51c94c6af,肝火内扰,1,安南子、毛西参、海蛤壳、瓜蒌仁、生地、白芍,痰不爽、胃钝、脘痛、腰脊滞骨痛
Disease_6745c96cdf,肝火挟湿,1,光杏仁、冬桑叶、安南子、川楝子、延胡、桑叶,溺黄、胃钝、胸闷、脘痛
Disease_3ffd2d1ff6,肝火犯胃,1,寒水石、左金丸、旋覆花、桑叶、海蛤壳、瓜蒌仁,便不畅、口燥、心泛、欲呕、胃钝
Disease_4157552532,肝火郁,1,东白薇、丝通草、夏枯草、山栀、川楝子、广郁金,少腹热、少腹胀痛、胸膈痞闷、食后脘满
Disease_26537d395f,肝热伤胆,1,东白薇、左金丸、明天麻、杜胆星、池菊、滑石,口苦、呕绿、头晕、心跳
Disease_8c093ffd66,肝热冲肺,1,冬桑叶、天冬、安南子、杜兜铃、海蛤壳、淮山药,咳痰不爽、头晕、心跳
Disease_fcdf19f4ea,肝热夹湿,1,代代花、冬桑叶、决明、夏枯草、天麻、川黄草,头晕、头痛、少寐、心跳
Disease_65349f763c,肝热夹痰上冲心肺,1,东白薇、冬桑叶、北沙参、原麦冬、夜合花、姜半夏,便如红酱、便通、咳痰稀而带粘、唇红、夜间少寐
Disease_1291dcddd4,肝热消烁胃阴,1,广郁金、梨汁、珍珠母、甘蔗汁、生地、真狗宝,口苦不能纳食、吐吐、津枯液涸、虚风时将内动、食脘枯槁
Disease_3d19b0dc32,肝热犯肺胃,1,京川贝、代代花、北沙参、南芡实、夏枯草、夜合花,便或溏或泄、咯痰、肠鸣
Disease_4fd54069ad,肝热犯胃,1,丹皮、冬桑叶、广郁金、竹茹、苏丹参、藕节,头晕、脘痛
Disease_10db08c0b8,肝热生风,1,东白薇、丝瓜络、五加皮、代代花、夜交藤、宽筋草,串腰、便燥、口淡、头眩、心跳
Disease_0d558f61bd,肝热脑虚头目晕眩,1,东白薇、南芡实、夜合花、川杜仲、川黄草、柏子仁,咳痰带血、头目晕眩、带下、心烦、心跳胆怯
Disease_b17b1dfd58,肝热风动,1,东白薇、丝瓜络、宽筋草、延胡、明乳香、明天麻,头晕、神烦、脐旁冲动、遍身筋骨痛
Disease_5026d89546,肝疳,1,乌梅炭、乌梅肉、佛手片、冬桑叶、夏枯草、天葵子,便溏而泄、左眼羞明
Disease_c14548b4da,肝经伏热,1,十灰丸、浙茯苓、真珠母、石决明、竹茹、米仁,吐血、小便略黄微热、遗精
Disease_3f8f00bc39,肝络瘀热化虫,1,䗪虫丸、乌梅肉、代赭石、元明粉、娑婆子、川椒,便不畅、肠鸣腹痛
Disease_ade845f56b,肝肾两亏足痿,1,五加皮、代赭石、佩兰叶、宽筋草、川楝子、川连,两足痿软不能步履、口淡、头晕、干呕、心跳
Disease_1fbb8a723a,肝胃气夹食,1,丝瓜络、代代花、冬瓜子、子芩、宽筋草、延胡,下痢、口腻、吐酸、呕酸、微发寒热
Disease_65272d408f,肝胃气滞,1,卷川朴、春砂仁、滑石、腹皮、莱菔子、越鞠丸,咳痰不爽、溺短赤热、肢懈、胃钝、脘腹胀满
Disease_1af9ec7ada,肝胆犯胃呕酸,1,代赭石、川连、杜藿梗、海南子、石决明、竹茹,便不畅、呕吐黄绿水、脘腹满
Disease_6aa289eac7,肝脾不和,1,左金丸、广郁金、新会皮、石决明、竹茹、肥知母,口腻、呕酸、寒热、胃钝、酒热
Disease_087c5eb07a,肝虚生风,1,丝瓜络、宽筋草、广橘络、当归、桑麻丸、淮牛膝,头晕、心跳、手足筋绷急、步履艰难、耳鸣
Disease_83206cf681,肝郁痰饮,1,卷川朴、娑婆子、宽膨散、广橘白络、广郁金、滚痰丸,咯吐痰涎、无力、胸腹坚硬、自汗
Disease_4c34d178aa,肝郁肠痹脘痛,1,小茴、干薤白、广郁金、打延胡、明乳香、春砂仁,便闭、脘中块痛
Disease_ad0b4a9252,肝郁胆怯,1,代代花、佛手片、佩兰叶、左金丸、新会白、海蛤粉,呕酸、经停三月、胃钝、胸闷
Disease_f194474b84,肝阳上亢,1,四腿虎骨胶、带壳春砂、抱木茯神、牡蛎、磁朱丸、金匮肾气丸,上冲髓海、脊髓似恼、脊髓似烦、脊髓似痒
Disease_4ffec8cbab,肝阳呕酸吐苦,1,代赭石、冬桑叶、川楝子、左牡蛎、广郁金、抱木茯神,呕酸吐苦、头晕、胸闷脘痛
Disease_8de005ca67,肝阳旺心神亏,1,化龙齿骨、川黄草、左牡蛎、抱木茯神、枣仁、柏子仁,头晕目眩、胃疼、腰痛
Disease_bdefd523f2,肝风上翔头目眩晕,1,,两足犹冷、呕吐痰涎、头晕、头目眩晕、心跳身跳
Disease_60f1ae5507,肝风上脑,1,冬桑叶、明天麻、桑芽、款冬花、海蛤壳、滁菊花,咳嗽、咳痰、头重而木、耳渐失聪、胸闷
Disease_89c11c1d57,肝风上逆,1,佩兰叶、保和丸、广郁金、新会白、滑石、灯芯,心跳、胃钝、胸闷、腰筋拘挛
Disease_a476d8911e,肝风入络腹滞,1,七厘散、冬葵子、宽筋草、川桂枝、左秦艽、延胡,二便不利
Disease_75017cca98,肝风兼湿温,1,丝通草、佛手片、佩兰叶、冬桑叶、冬瓜皮、山栀,口淡腻、口腻、夜少寐、失音、头晕
Disease_e3951c5f42,肝风内扰,1,丝瓜络、安神丸、广橘白络、抱木茯神、明天麻、池菊花,口臭、头晕、手麻、脚痛、腹中气聚
Disease_ffdb44c023,肝风发痉,1,冬桑叶、双钩藤、枳壳、池菊花、滑石、瓜蒌仁,不语、便秘、头晕、心跳、神昏
Disease_de043d0fa4,肝风头晕心跳,1,前胡、明天麻、桑麻丸、桔梗、牛蒡子、白头翁,口淡、咳嗽、头晕、微寒、心跳
Disease_1936594273,肝风头目眩晕,1,佩兰叶、南芡实、川黄草、打鸡金、新会白、明天麻,便泄、头目眩晕、心跳、腹痛、身微冷
Disease_80f389dd7d,肝风夹痰,1,旋覆花、明天麻、桑叶、池菊、滑石、石决明,咳嗽、头晕、心跳、稠痰、耳鸣
Disease_4648c86f6d,肝风夹痰湿,1,左金丸、广郁金、指迷茯苓丸、明天麻、桑叶、池菊,便秘、呕吐苦水、头目晕眩、溺短
Disease_3c27dfe96e,肝风挟痰冲激脑经,1,双钩藤、明天麻、毛西参、珍珠母、瓜蒌仁、石决明,体痉、头晕、语蹇
Disease_c6ffdb3574,肝风湿热,1,丝瓜络、佩兰叶、原麦冬、川杜仲、川黄草、广郁金,口苦、夜少寐、头晕、心跳、胃钝
Disease_3b66f5cd81,肠胃郁结,1,丝瓜络、代赭石、卷川朴、宽膨散、带壳春砂、广郁金,便秘、便闭、气逆不舒、脘满气喘、脘腹满痛
Disease_b7823c4177,肠风飧泄,1,佩兰叶、冬桑叶、前胡、广皮、枳壳、桔梗,便溏、口淡、咳嗽、左小腹痛、溺短热
Disease_3a49839963,肺中伏火,1,冬桑叶、天冬、安南子、旋覆花、款冬花、池菊花,咳嗽、咳痰多而且粘、咽痛、喉痛、头晕痛
Disease_cd7a8ff898,肺伏火咳痰,1,冬桑叶、月石、杜兜铃、款冬、牛蒡子、瓜蒌仁,便不爽、便时腹痛、单声咳逆、咯痰不爽、溺热
Disease_891a146e7a,肺热劳嗽,1,冬桑叶、安南子、杜兜铃、款冬花、海蛤壳、瓜蒌仁,口苦、头晕、心跳、痰中带血、粘痰
Disease_343e790750,肺热咯血,1,佛耳草、冬桑叶、十灰丸、安南子、旋覆花、明天麻,咯血、头晕、心摇、火咳、胸痛
Disease_b6aef83054,肺热咳痰,1,丝通草、冬瓜皮、前胡、左牡蛎、明天麻、杜兜铃,两手发痉、咳痰、夜不能寐、气逆、痰晕发厥
Disease_81947d70ff,肺热咳痰带血,1,冬桑叶、十灰丸、安南子、广郁金、桑叶、桑皮,不食则饥、咳痰带血、胸腹不舒、食则脘满
Disease_01a1992a36,肺热干咳,1,安南子、桑叶、桑皮、款冬、瓜蒌仁、甜杏仁,声音渐底、干咳、胃不健
Disease_39611786d4,肺燥咳痰带血,1,东白薇、冬桑叶、安南子、瓜蒌仁、石决明、竹茹,两足微肿、咳痰带血、胸痛串背
Disease_b414f4b693,肺病,1,丝瓜络、冬桑叶、山栀、广郁金、桑梗、滁菊花,口干、咳血、头晕、气逆、痰多
Disease_586d0483cd,肺胃湿热,1,光杏仁、冬瓜皮、地骨皮、新会皮、桑皮、瓜蒌仁,口苦、咳嗽、气喘、白痰、肢懈
Disease_126b40c305,肺败胃枯,1,北沙参、原麦冬、毛细参、珠儿参、生地、真柿霜,手足均肿、日夜吐脓、舌前半热痛
Disease_cf09d36e5b,肺郁,1,乌元参、前胡、安南子、干薤白、广郁金、枳壳,咽痛、咽阻、小便微热、气逆、胃中时痛时止
Disease_ddf11d1252,肺阻,1,前胡、带壳春砂、新会白、桔梗、款冬、淮山药,咳嗽、大便水泻、稠痰、肠鸣
Disease_581e3201da,肾囊肿大,1,五加皮、光杏仁、地骷髅、大腹绒、姜半夏、川椒目,气逆、溺短、痰嗽、胸满、足肿
Disease_6eb57cbc5b,肾精梦泄,1,东白薇、南芡实、女贞子、安神丸、封髓丹、左牡蛎,梦泄、溺后血出、自遗
Disease_b45600cfc7,肾虚失纳肺气失降,1,上上沉香片、化龙骨、北茯神、川桂枝、左牡蛎、炙草,也不能寐、咳痰稠黄、喘不得卧、肢厥冷汗、额汗鼻冷
Disease_2ba10b862a,肾虚火燥,1,冬瓜瓤、冬瓜皮、北沙参、汉木通、甘细梢、甘蔗梢,小便已利
Disease_3609891843,肿,1,光杏仁、地骷髅、宽膨散、滑石、牛蒡、瓜蒌仁,二便不利、咳痰不爽
Disease_00af46bdcb,肿胀,1,光杏仁、冬瓜子、冬葵子、地骷髅、控涎丹、旋覆花,便不畅、大便水泻、心跳、溺短热、肿胀
Disease_e077b51108,胃中结癥,1,墨鱼骨、延胡、当归、泽泻、海蛤壳粉、滁菊花,头痛、或多或少、时带下、经行延或早、胃疼
Disease_6a44f4c4b0,胃寒血虚生风,1,吴茱萸、姜半夏、带壳春砂、广皮、明天麻、浙茯苓,口吐白沫、头晕、心跳、经后带多、经色淡或紫
Disease_68ba8b4a60,胃痛,1,光杏仁、前胡、墨鱼骨、尿浸石膏、山豆根、带壳春砂,便不畅、呕吐、咳痰不爽、左腹痛、胃中嘈杂作痛
Disease_49035e41a6,胃筋抽痛,1,宣木瓜、宽筋草、川楝子、干薤白、广郁金、延胡,大便坚燥、大便甚热、胃筋抽痛、胃纳如前、胸痹硬痛串背
Disease_20a27507ea,胃筋拘挛,1,元明粉、干薤白、打延胡、明乳香、海南子、滑石,便尚不畅、脘中痛
Disease_1d57554fb0,胃肠积热,1,冬桑叶、夏枯草、枳壳、滁菊花、灯芯、瓜蒌皮,下乳积、两目有时上视、便血、口气热、溺如米泔而臭
Disease_e3f7d7aaab,胃脘积滞痛胀,1,冬葵子、小茴香、干薤白、延胡、打乳香、明乳香,便通不畅、便闭、痛胀、胸腹痞满、脘痛
Disease_6a96dc243b,胃钝,1,丝瓜络、丝通草、代代花、佛手片、冬瓜子、安南子,二便不利、便闭、口燥、口苦、干呕
Disease_9bd2914c06,胃阴大亏肝阳独亢,1,梨汁、甜酱油、真狗宝、羚角汁,便如红酱、吐出色绿、溺热、胃阴大困、饮即呕吐
Disease_089b3926a6,胃阴大伤,1,代赭石、甘蔗、生地、白芍、石决明、石斛,久呕酸苦、脘痛
Disease_3cccfd3095,胎漏,1,丝瓜络、宜男草、川黄草、新会白、春砂壳、毛西参,两腰微觉酸痛、胎漏紫红
Disease_f390e47765,胸痛溺热,1,,口燥不渴、呃逆、咳痰自汗、咽如物哽、夜不安寐
Disease_2340816213,胸膈痞满,1,乌元参、前胡、安南子、干薤白、广郁金、枳壳,咽痛、咽阻、小便微热、气逆、胃中时痛时止
Disease_07f00d3981,脑虚发厥,1,东白薇、代赭石、明天麻、滁菊花、白芍、石决明,久延变痛、发厥、头晕
Disease_1c1e0c0dc3,脑风,1,丝通草、冬桑叶、夏枯花、新会白、明天麻、滁菊花,嗜卧、头晕、头痛、神倦
Disease_0da490faa2,脘满,1,光杏仁、前胡、墨鱼骨、尿浸石膏、山豆根、带壳春砂,便不畅、呕吐、咳痰不爽、左腹痛、胃中嘈杂作痛
Disease_908e10d22f,脘腹痛,1,墨鱼骨、宽筋草、打元胡、旋覆花、明乳香、泽兰,胃口不健、脘腹串痛或连腰腿
Disease_23ee777aa0,脘腹胀满,1,冬桑叶、卷川朴、地蛄蝼、带壳春砂、广木香、广郁金,便不畅、口淡、嗳气、水泄、肠鸣
Disease_5df0045a8c,脘闷嘈杂,1,佛手片、佩兰叶、保和丸、山栀、新会皮、杜藿梗,口淡、嘈杂、寒热、肢懈、胃钝
Disease_f56f4f573a,脾湿肝热,1,丝瓜络、代代花、佩兰叶、冬瓜子、宽筋草、新会白,两腰串痛、口苦、右腰尚痛、胃不健、腹仍微满
Disease_9b87c3eb88,脾湿遏热,1,川桂枝、川椒目、新会皮、木瓜、杜藿梗、浙茯苓,口淡、肢懈、胃钝、面黄
Disease_6a164af78f,脾疳,1,乌梅炭、使君子肉、枣儿槟榔肉、胡连、腹皮、鸡金,便泄、便色白不化、形瘦、消化不良、溺短
Disease_d4e9370305,脾胃湿热,1,佩兰叶、冬瓜皮、山栀、新会皮、杜藿梗、滑石,小便赤热、无力、肢懈、胃气不健
Disease_c1dfab598d,脾虚,1,前胡、带壳春砂、新会白、桔梗、款冬、淮山药,咳嗽、大便水泻、稠痰、肠鸣
Disease_9427c439a7,脾虚晨泄,1,乌梅、于术、南芡实、小京枣、山药、扁豆花,小便短少、日困、晨泄、水泻、肠鸣
Disease_666393fdb1,腑实痰瘀互阻,1,丝瓜络、乳香、代赭石、元明粉、元胡、光杏仁,便秘、咳嗽痰多、善呕、左小腹抽痛、胸闷
Disease_7c9238b088,腹大气逆中满,1,地蛄蝼、广郁金、木香槟榔丸、枳实、滑石、瓜蒌仁,气逆、腹大
Disease_cb8ecaa5ca,腹满,1,丝瓜络、京三棱、冬瓜皮、冬瓜皮子、冬葵子、卷川朴,二便尚不甚畅、便解不畅、口腻、手足筋脉拘挛、筋脉拘挛
Disease_8762f618ca,舌烂,1,原麦冬、天冬、尿浸石膏、月石、熟地露、生地,便燥、溺短
Disease_5d80b2b3db,蓄血,1,东白薇、左金丸、广郁金、海蛤壳、滑石、白芍,胃钝、胸闷、饮食即呕
Disease_827b49dc26,虱入耳穿脑髓,1,冬瓜子、明天麻、更衣丸、松子仁、柏子仁、桑麻丸,便须五六日一解、头中自觉怪痒、性灵渐减、胃亦钝
Disease_9e4285e999,蛔虫肠鸣水泻,1,于术、川连、广木香、新会白、白芍、粉甘草,口渴喜饮、水泻、肠鸣、胸腹胀满、面足浮肿
Disease_15f8bdef1b,血分热毒外溃,1,丝瓜络、丹皮、五加皮、元胡、天葵子、宣木瓜,背寒体热、身发风块
Disease_f8d7174386,血枯经闭,1,南芡实、墨鱼骨、川黄草、左牡蛎、甘松、白归身,带下、经闭、腰痛
Disease_cfd96c7cde,血热,1,丝瓜络、于术、侧柏叶、地榆、毛西参、竹茹,溺急热、胎漏或止或见、腰微痛
Disease_6db2467b5a,血热生风,1,东白薇、左牡蛎、灯芯、白芍、紫石英、辰茯神,头晕、心惊、耳鸣、胆怯
Disease_05425632a7,血虚湿溃,1,冬瓜子、冬瓜皮、山栀、忍冬藤、桑枝、桑皮,发现㾦癗三四发、头巅手足皆生湿疮、或痒或热痛、经已三月不来、经水三四月一行
Disease_00c4bf547e,血虚生风,1,东白薇、川黄草、新会白、明天麻、滁菊花、滑石,头晕痛、目珠痛、眼眶酸、肢麻
Disease_d8dffc1db8,血虚胃痛,1,北沙参、川楝子、川黄草、新会白、甘杞子、甘松,纳食不多、胃脘痛
Disease_1893397c33,赤痢,1,丝瓜络、佛手片、佩兰叶、冬瓜子、冬瓜皮、川朴,便不爽、溺短热、肢懈、胃钝、腹痛
Disease_6c4694b122,足底生疮,1,元参、左牡蛎、淮小麦、生地、穞豆衣、竹茹,流涎太多、虚汗自头项至胸而止
Disease_7c5be6c272,足痿,1,丝瓜络、五加皮、光杏仁、半夏、宽筋草、川断,两腿筋痛、便闭、咯痰不爽、咳嗽、夜间呃逆
Disease_b40cde1681,跌打损伤,1,佛手片、元明粉、光桃仁、冬葵子、净没药、川楝子,中脘尚满、便闭、大便通而不畅、气塞、筋骨作痛
Disease_cbbcfdc52d,身孕夹湿热,1,佛手片、冬桑叶、冬瓜皮、山栀、滁菊花、竹叶,口燥、溺热、肢懈
Disease_efbc89ace2,身热发瘄,1,丝通草、佛手片、冬桑叶、栀子、桑叶、桑枝,便溏、发瘄、溺黄、胃纳不开、身热
Disease_2455290aca,酒湿,1,冬桑叶、前胡、控涎丹、枳椇子、浙茯苓、滁菊花,咳嗽、痰多、腰脊无力
Disease_2dc0aece9e,阴虚,1,原麦冬、女贞子、左牡蛎、抱木茯神、白芍、阿胶,头晕、左耳虚鸣、心悸
Disease_c513c0e285,阴虚火旺,1,元参心、北沙参、南芡实、原麦冬、宽筋草、新会白,右口牙起一块、头晕、带下、心摇、腰酸痛
Disease_7ef8ae6008,阴虚痰嗽,1,月石、杜兜铃、款冬花、海蛤壳、牛蒡子、瓜蒌仁,动则加甚、咳痰渐稠、喘亦渐减
Disease_bc3ff66506,霍乱,1,五香膏、佛手片、保和丸、光杏仁、冬瓜皮子、山栀,呕酸、小溲全无、热泻如注、胸膈痞满、腹痛
Disease_324708bd15,面浮,1,丹皮、于术、冬桑叶、冬瓜皮、夜合花、川黄草,便泻或不泻、便溏、口淡、头痛、心摇少寐
Disease_8fe7371fc2,面浮手足皆肿,1,光杏仁、六路通、冬桑叶、冬瓜子、冬瓜皮、地骷髅,二便清利、咳嗽、手足皆肿、面浮
Disease_d39cf7802f,颐下起核,1,佛手片、川楝子、延胡、木香、枳壳、桔梗,日夜多哭、欲便不便、腹中痛
Disease_05ff3561da,风中经络,1,双钩藤、宽筋草、左秦艽、广皮红、桑枝、瓜蒌皮,咳痰不出、左肢麻木、舌伸缩不便、言蹇
Disease_f25dc7244b,风中脏腑,1,上上沉香片、丽参须、代赭石、双钩藤、姜汁、宽筋草,不能语、口不得开、咳嗽、咽下为难、牙关紧闭
Disease_bbb100403c,风嗽,1,光杏仁、新会皮、款冬花、瓜蒌仁、白前、百部,头痛、白痰、脑胀
Disease_a14bbfa2a5,风寒,1,丝瓜络、冬桑叶、山栀、广郁金、桑梗、滁菊花,口干、咳血、头晕、气逆、痰多
Disease_b2aa6bb9e9,风寒身痛,1,川桂枝、新会白、滁菊花、滑石、白前、竹沥半夏,一身筋骨作痛、咳嗽、头痛、痰少、肢冷
Disease_54c01845a1,风湿,1,丝瓜络、川楝子、广郁金、延胡、打延胡、新会皮,口淡、呕酸、头身痛、寒热、渴不欲饮
Disease_8b5c2567bd,风湿兼食滞,1,佛手片、冬桑叶、川黄草、广郁金、新会白、枳壳,口腻而苦、头痛、肢懈、胃不欲食
Disease_bb589c5fbc,风火上受,1,夏枯草、安南子、广郁金、桑叶、瓜蒌皮、菊花,乍寒乍热、咳嗽、喉旁略红肿、耳后颈粗且痛、胸闷
Disease_baf2f60877,风火喉痛,1,万年青根、冬桑叶、安南子、山栀、滁菊花、瓜蒌皮,唇红、喉痛、身热
Disease_e1f13c5ef4,风热咳嗽,1,光杏仁、安南子、旋覆花、桑叶、桑枝、款冬花,咳吐不爽、咳嗽稠痰、咽痒咳嗽、气急胸闷、痰多而粘
Disease_2651a67284,风热头目痛,1,冬桑叶、夏枯草、木贼草、白池菊、竹叶、苏叶梗,先寒后热、头胀痛、眼红肿痛
Disease_1f0737c726,风热夹食,1,保和丸、冬桑叶、冬瓜皮、夏枯草花、滁菊花、滑石,咳嗽、身腹均热、鼻流浊涕
Disease_3f24ae14a6,风热目赤肿痛,1,冬桑叶、夏枯草、大青、广郁金、杜红花、枳壳,乍寒乍热、口腻、形酸、目赤肿痛、胃钝
Disease_79211b08dd,风热耳痛,1,佩兰叶、冬桑叶、夏枯草、滁菊花、瓜蒌皮、益母草,口腻、形寒、耳痛、胃钝、身热
Disease_fe97eb7d91,食积,1,乳香、佛手、延胡、春砂仁、枳壳、桔梗,脘腹大痛、食后胸闷
Disease_47b836a70f,食道气阻,1,丝通、代代花、佛手片、广郁金、新会皮、枳壳,口苦而腻、咯吐粘涎、胸闷不舒、食即吐出
Disease_583b1a760b,飧泄,1,于术、川芎、广皮、春砂、木香、甘草,两足酸痛、大便溏泻、肠鸣
Disease_1c8c51ad43,黴毒,1,仙遗粮、元参、元明粉、枳实、汉木通、甘细梢,二便不利、头痛、气塞
Disease_69de27e9fc,鼻衄,1,佩兰叶、山栀、新会皮、杜藿梗、枳壳、济银花,便泄、口腻、寒热、胸闷、鼻衄
Disease_f9bdcde37a,龙雷之火,1,左牡蛎、打青龙齿、白芍、石决明、羚角片、胆星,吐稠痰、夜寐惊窜、晨起头晕
