原书写法,规范名,类别,出现次数,说明
参三七,三七,单味药,10,
丝瓜翠衣,丝瓜皮,单味药,1,
丝瓜络,丝瓜络,单味药,3,
明乳香,乳香,单味药,2,
五加皮,五加皮,单味药,1,
台参须,人参须,单味药,1,
代代花,代代花,单味药,2,
佛手片,佛手,单味药,10,
佛耳草,佛耳草,单味药,1,
佩兰叶,佩兰,单味药,12,
冬丝瓜皮子,冬丝瓜皮子,单味药,1,
冬瓜子,冬瓜子,单味药,6,
冬瓜皮,冬瓜皮,单味药,6,
冬瓜皮子,冬瓜皮子,单味药,3,
冬虫夏草,冬虫夏草,单味药,2,
紫葳花,凌霄花,单味药,1,
前胡,前胡,单味药,28,
北沙参,北沙参,单味药,3,
竹沥半夏,半夏,单味药,26,竹沥制
姜半夏,半夏,单味药,6,姜制
南北沙参,南北沙参,单味药,1,
卷川朴,厚朴,单味药,1,川产
薄川朴,厚朴,单味药,1,川产
地骨皮,地骨皮,单味药,6,
地骷髅,地骷髅,单味药,2,
生地,地黄,单味药,5,鲜地黄
细生地,地黄,单味药,1,
夏枯草,夏枯草,单味药,4,
夜合花,夜合花,单味药,1,
道墟官枣,大枣,单味药,1,道墟产
红枣,大枣,单味药,1,
小京枣,大枣,单味药,1,
腹皮,大腹皮,单味药,5,
大青,大青叶,单味药,1,
天冬,天冬,单味药,6,
天葵子,天葵子,单味药,2,
明天麻,天麻,单味药,7,
女贞子,女贞子,单味药,1,
姜汁,姜汁,单味药,1,
寒水石,寒水石,单味药,1,
射干,射干,单味药,1,
楂肉,山楂,单味药,1,
淮山药,山药,单味药,5,淮产
打淮山药,山药,单味药,1,
山药,山药,单味药,1,
川楝子,川楝子,单味药,2,
京川贝,川贝母,单味药,7,
川贝母,川贝母,单味药,1,
干姜,干姜,单味药,1,
广杏仁,广杏仁,单味药,1,
打延胡,延胡索,单味药,2,
延胡,延胡索,单味药,2,
元胡,延胡索,单味药,1,
建兰叶,建兰叶,单味药,1,
扁豆花,扁豆花,单味药,1,
旋覆花,旋覆花,单味药,22,
昆布,昆布,单味药,1,
木蝴蝶,木蝴蝶,单味药,1,
细木通,木通,单味药,1,
辰砂,朱砂,单味药,9,
枇杷肉,枇杷肉,单味药,1,
枳壳,枳壳,单味药,11,
枳实,枳实,单味药,8,
枳椇子,枳椇子,单味药,4,
柏子仁,柏子仁,单味药,1,
真柿霜,柿霜,单味药,11,
山栀,栀子,单味药,10,
焦栀,栀子,单味药,1,炒焦
川桂枝,桂枝,单味药,3,川产
桂枝,桂枝,单味药,1,
桂枝木,桂枝,单味药,1,
冬桑叶,桑叶,单味药,51,霜桑叶
桑叶,桑叶,单味药,8,
东桑叶,桑叶,单味药,1,
桑枝,桑枝,单味药,7,
连芽桑枝,桑枝,单味药,5,连芽
桑梗,桑枝,单味药,3,
桑枝连芽,桑枝,单味药,2,
连芽桑梗,桑枝,单味药,2,
桑梗连芽,桑枝,单味药,1,
桑皮,桑白皮,单味药,18,
桔梗,桔梗,单味药,9,
苦桔梗,桔梗,单味药,2,
白桔梗,桔梗,单味药,1,
鸭梨肉,梨,单味药,2,
雅梨肉,梨,单味药,1,
甜梨肉,梨,单味药,1,
鸭梨皮,梨皮,单味药,3,
秋梨皮,梨皮,单味药,1,
棕子尖,棕子尖,单味药,1,
新会白,橘白,单味药,7,
橘白,橘白,单味药,1,
广皮红,橘红,单味药,4,广产
橘红,橘红,单味药,4,
橘络,橘络,单味药,1,
款冬花,款冬花,单味药,21,
款冬,款冬花,单味药,15,
冬花,款冬花,单味药,1,
沙苑子,沙苑子,单味药,1,
海藻,海藻,单味药,1,
竹叶,淡竹叶,单味药,22,原文作淡竹叶
香豉,淡豆豉,单味药,2,
豆豉,淡豆豉,单味药,1,
滑石,滑石,单味药,38,
灯芯,灯心草,单味药,4,
灯芯草,灯心草,单味药,1,
熟地露,熟地黄,单味药,1,露剂
牛蒡子,牛蒡子,单味药,34,
牛蒡,牛蒡子,单味药,2,
粉丹皮,牡丹皮,单味药,1,
左牡蛎,牡蛎,单味药,6,
牡蛎,牡蛎,单味药,1,
元参,玄参,单味药,3,
玄参,玄参,单味药,1,
乌玄参,玄参,单味药,1,
元明粉,玄明粉,单味药,1,
真珠母,珍珠母,单味药,1,
珍珠母,珍珠母,单味药,1,
瓜蒌仁,瓜蒌子,单味药,67,
瓜蒌皮,瓜蒌皮,单味药,14,
蒌皮,瓜蒌皮,单味药,1,
瓦楞子,瓦楞子,单味药,1,
甘松,甘松,单味药,5,
炙草,甘草,单味药,8,蜜炙
甘草,甘草,单味药,8,
甜杏仁,甜杏仁,单味药,20,
甜葶苈梗叶,甜葶苈梗叶,单味药,1,
甜葶苈草,甜葶苈草,单味药,1,
白前,白前,单味药,49,
于术,白术,单味药,2,於术（浙江於潜产）
白石英,白石英,单味药,1,
白芍,白芍,单味药,12,
茅根,白茅根,单味药,3,
白茅根,白茅根,单味药,2,
东白薇,白薇,单味药,11,东产
白薇,白薇,单味药,4,
白藓皮,白鲜皮,单味药,1,
野百合,百合,单味药,11,野生百合
百部,百部,单味药,3,
益母草,益母草,单味药,2,
真绛通,真绛通,单味药,1,
知母,知母,单味药,1,
肥知母,知母,单味药,1,
石决明,石决明,单味药,10,
川黄草,石斛,单味药,10,黄草即石斛
石斛,石斛,单味药,5,
黄草川斛,石斛,单味药,1,
石膏,石膏,单味药,2,
尿浸石膏,石膏,单味药,1,童便浸
菖蒲根,石菖蒲,单味药,1,
春砂壳,砂仁,单味药,3,壳
春砂仁,砂仁,单味药,2,春砂
带壳春砂,砂仁,单味药,2,连壳
月石,硼砂,单味药,7,制月石
秦艽,秦艽,单味药,1,
左秦艽,秦艽,单味药,1,
竹沥,竹沥,单味药,1,
竹茹,竹茹,单味药,46,
刮竹茹,竹茹,单味药,1,
刮淡竹茹,竹茹,单味药,1,
紫花,紫花,单味药,1,
苏叶梗,紫苏叶,单味药,8,叶连梗
苏子,紫苏子,单味药,14,
紫菀,紫菀,单味药,53,
北细辛,细辛,单味药,1,
络石藤,络石藤,单味药,9,
碎羚角,羚羊角,单味药,1,
安南子,胖大海,单味药,31,异名
南芡实,芡实,单味药,2,
白芥子,芥子,单味药,1,
活水芦心,芦根,单味药,1,
活水芦笋,芦根,单味药,1,芦根嫩芽
芦衣纸,芦衣纸,单味药,2,
苏梗通,苏梗通,单味药,3,
光杏仁,苦杏仁,单味药,44,去皮尖
杏仁,苦杏仁,单味药,4,
辰茯神,茯神,单味药,3,朱砂拌
浙茯苓,茯苓,单味药,18,浙产
赤苓,茯苓,单味药,3,赤茯苓
带皮茯苓,茯苓,单味药,1,带皮
辰茯苓,茯苓,单味药,1,朱砂拌
浙苓皮,茯苓皮,单味药,1,
浙茯皮,茯苓皮,单味药,1,
西茵陈,茵陈,单味药,10,
草果仁,草果,单味药,1,
干荷叶,荷叶,单味药,1,
荷花露,荷花,单味药,1,露剂
莱菔,莱菔,单味药,3,
莱菔子,莱菔子,单味药,4,
滁菊花,菊花,单味药,15,滁菊
池菊花,菊花,单味药,1,
池菊,菊花,单味药,1,
菩提子根,菩提子根,单味药,1,
葡萄干,葡萄干,单味药,1,
葱头,葱白,单味药,1,
葱白,葱白,单味药,1,
葶苈子,葶苈子,单味药,1,
苏薄荷,薄荷,单味药,10,苏产
薄荷梗,薄荷,单味药,1,
薄荷,薄荷,单味药,1,
米仁,薏苡仁,单味药,25,
苡仁,薏苡仁,单味药,4,
干薤白,薤白,单味药,1,
藕节,藕节,单味药,1,
杜藿梗,藿香,单味药,8,杜藿（土藿香）梗
藿香叶,藿香,单味药,1,
海蛤壳,蛤壳,单味药,44,
蛤壳,蛤壳,单味药,5,
海蛤粉,蛤壳,单味药,3,研粉
蝉衣,蝉蜕,单味药,1,
地蛄蝼,蝼蛄,单味药,1,
血见愁,血见愁,单味药,16,
毛西参,西洋参,单味药,3,
谷精草,谷精草,单味药,1,
长须生谷芽,谷芽,单味药,1,
谷芽,谷芽,单味药,1,
蔻末,豆蔻,单味药,1,研末
败叫子,败叫子,单味药,3,
杜赤小豆,赤小豆,单味药,2,
代赭石,赭石,单味药,4,
路路通,路路通,单味药,1,
车前,车前子,单味药,2,
远志,远志,单味药,14,
远志肉,远志,单味药,3,
青连翘,连翘,单味药,13,青翘
连翘,连翘,单味药,2,
丝通草,通草,单味药,6,
郁李净仁,郁李仁,单味药,1,
广郁金,郁金,单味药,21,广产
郁金,郁金,单味药,2,
粉重楼,重楼,单味药,1,
金星鱼鳖草,金星鱼鳖草,单味药,1,
金橘脯,金橘,单味药,16,蜜饯（脯）
金橘皮,金橘,单味药,1,皮
金汁,金汁,单味药,1,
银花,金银花,单味药,2,
银花炭,金银花,单味药,1,炒炭
金银花,金银花,单味药,1,
汉防己,防己,单味药,1,
阿胶,阿胶,单味药,2,
新会皮,陈皮,单味药,31,新会产
青盐陈皮,陈皮,单味药,25,青盐制
陈皮,陈皮,单味药,4,
广皮,陈皮,单味药,3,广产
青泻叶,青泻叶,单味药,1,
青海粉,青海粉,单味药,2,
青皮,青皮,单味药,2,
青童便,青童便,单味药,1,
青箬尖,青箬尖,单味药,1,
青蒿子,青蒿,单味药,4,子
青蒿,青蒿,单味药,2,
青蒿脑,青蒿,单味药,2,嫩头
香附,香附,单味药,5,
杜兜铃,马兜铃,单味药,29,杜＝本地产
马兜铃,马兜铃,单味药,27,
兜铃,马兜铃,单味药,1,
鱼鳖草,鱼鳖草,单味药,1,
鸡金,鸡内金,单味药,5,
打鸡金,鸡内金,单味药,1,
鸡子白,鸡子白,单味药,1,
原麦冬,麦冬,单味药,1,
带节麻黄,麻黄,单味药,1,带节
片黄芩,黄芩,单味药,2,
青子芩,黄芩,单味药,1,
芪皮,黄芪,单味药,1,皮
化龙骨,龙骨,单味药,1,
青龙齿,龙齿,单味药,3,
龟甲心,龟甲,单味药,1,
保和丸,保和丸,成药,2,
十灰丸,十灰丸,成药,9,
宽膨散,宽膨散,成药,2,
左金丸,左金丸,成药,4,
控涎丹,控涎丹,成药,1,
涎丹,控涎丹,成药,1,
枇杷膏,枇杷叶膏,成药,2,
益元散,益元散,成药,4,
磁朱丸,磁朱丸,成药,1,
滚痰丸,礞石滚痰丸,成药,6,
竹沥达痰丸,竹沥达痰丸,成药,2,
元霜紫雪膏,紫雪,成药,1,
节斋化痰丸,节斋化痰丸,成药,6,
青蛤散,青蛤散,成药,9,
香连丸,香连丸,成药,2,
