编号,原书案名,纳入依据,诊断,证候,病机类别,命中词,诊次,药味数,单味药,成药,治法
H0009,案9 咳痰背筋拘挛,标题,,,病机未明示,,1,9,桑叶、牛蒡子、瓜蒌子、白前、竹茹、紫菀、络石藤、蛤壳、马兜铃,,清化清降
H0016,案16 肺胃蕴热咳痰便泄,标题+诊断,咳嗽、便泄,肺胃蕴热、湿热内扰,湿热咳嗽（湿温、暑湿、湿阻、酒湿）,湿热,1,22,佛手、佩兰、前胡、山药、扁豆花、桑叶、桔梗、橘白、滑石、牛蒡子、瓜蒌子、白前、砂仁、竹茹、紫菀、苏梗通、苦杏仁、茵陈、薏苡仁、藿香、连翘、陈皮,,宣上清下；辛淡宣化；清肺化痰
H0018,案18 湿热阻中咳痰,标题,湿热阻中,,湿热咳嗽（湿温、暑湿、湿阻、酒湿）,湿热,1,10,佩兰、前胡、桑枝、桔梗、橘红、络石藤、苦杏仁、茯苓皮、藿香、通草,,辛淡芳透
H0021,案21 阴虚痰嗽,标题+诊断,阴虚痰嗽,,虚劳咳嗽（劳嗽、肺痨、阴虚、肾虚）,阴虚,1,8,柿霜、款冬花、牛蒡子、瓜蒌子、硼砂、紫苏子、蛤壳、马兜铃,,清上填下
H0022,案22 湿热化火咳痰,标题,湿热,,湿热咳嗽（湿温、暑湿、湿阻、酒湿）,湿热,1,7,木通、淡竹叶、滑石、灯心草、牛蒡子、瓜蒌子、连翘,,豁痰清心
H0027,案27 湿热兼风咳痰,标题,湿热兼风,,湿热咳嗽（湿温、暑湿、湿阻、酒湿）,湿热,1,18,佛手、佩兰、前胡、天麻、旋覆花、栀子、桑叶、淡竹叶、滑石、瓜蒌子、紫菀、胖大海、茵陈、菊花、薄荷、藿香、马兜铃、黄芩,,苦辛淡法；清上疏中
H0032,案32 湿温化火咳痰,标题,湿温,湿温化火,湿热咳嗽（湿温、暑湿、湿阻、酒湿）,湿温,1,8,枳壳、栀子、淡竹叶、滑石、灯心草、茵陈、连翘、郁金,香连丸,苦辛淡通降
H0037,案37 气逆痰嗽,标题+诊断,气逆痰嗽,,痰饮痰阻（痰饮、寒饮、痰湿、气逆）,气逆,1,17,半夏、枳椇子、桑叶、橘白、瓜蒌子、甘草、白前、石决明、竹茹、紫菀、苦杏仁、茯苓、薏苡仁、藿香、蛤壳、远志、陈皮,,轻清宣降；解热肃肺
H0038,案38 湿阻咳逆骨痛,标题+诊断,湿阻咳逆,,湿热咳嗽（湿温、暑湿、湿阻、酒湿）,湿阻,1,11,丝瓜络、旋覆花、朱砂、桑枝、滑石、牛蒡子、瓜蒌子、秦艽、紫苏子、络石藤、赭石,,苦辛淡宣通法
H0044,案44 湿热兼风咳嗽,标题+诊断,咳嗽,湿热兼风,湿热咳嗽（湿温、暑湿、湿阻、酒湿）,湿热,1,10,旋覆花、桑枝、滑石、白前、竹茹、紫菀、苦杏仁、茯苓皮、茵陈、陈皮,,芳淡开泄
H0047,案47 咳嗽黄痰带血水,标题+诊断,咳嗽,,病机未明示,,1,10,桑叶、款冬花、瓜蒌子、百合、竹茹、胖大海、苦杏仁、蛤壳、陈皮、马兜铃,,清降；宁络
H0057,案57 湿热兼风咳痰,标题,湿热兼风,湿热兼风,湿热咳嗽（湿温、暑湿、湿阻、酒湿）,湿热,1,10,前胡、枳壳、桔梗、橘红、牛蒡子、苏梗通、苦杏仁、薄荷、远志、郁金,,辛淡开达
H0062,案62 寒热头痛咳逆,标题,,,病机未明示,,1,10,枳壳、栀子、桑叶、桑枝、淡竹叶、滑石、茵陈、薄荷、郁金、青蒿,,清化淡渗
H0069,案69 喉痒干咳胃钝,标题+诊断,喉痒干咳,,病机未明示,,1,9,乳香、延胡索、滑石、甘松、砂仁、络石藤、苦杏仁、茯苓、薏苡仁,,苦辛淡法
H0071,案71 湿热夹食咳痰,标题,湿热夹食,,湿热咳嗽（湿温、暑湿、湿阻、酒湿）,湿热,1,14,山楂、川楝子、延胡索、淡竹叶、滑石、牛蒡子、苏梗通、苦杏仁、茵陈、连翘、陈皮、青蒿、鸡内金、黄芩,香连丸,苦辛通降
H0077,案77 湿热咳痰带血,标题+诊断,湿热咳痰带血,湿热上蒸,湿热咳嗽（湿温、暑湿、湿阻、酒湿）,湿热,1,9,栀子、桑叶、滑石、瓜蒌子、竹茹、胖大海、郁金、陈皮、马兜铃,十灰丸,轻清泄化
H0080,案80 湿热化痰咳嗽,标题+诊断,咳嗽,湿热化痰,湿热咳嗽（湿温、暑湿、湿阻、酒湿）,湿热,1,10,佛手、前胡、半夏、款冬花、瓜蒌子、苦杏仁、薏苡仁、远志、金橘、陈皮,,宣肺豁痰
H0081,案81 湿温化疟咳嗽,标题+诊断,湿温、疟、咳嗽,湿温化疟,湿热咳嗽（湿温、暑湿、湿阻、酒湿）,湿温,1,10,栀子、淡竹叶、淡豆豉、瓜蒌子、知母、紫苏叶、草果、葱白、薄荷、青蒿,,苦辛淡和解法
H0083,案83 湿温兼风咳痰,标题,湿温,,湿热咳嗽（湿温、暑湿、湿阻、酒湿）,湿温,1,9,栀子、淡豆豉、滑石、牛蒡子、苦杏仁、葱白、薄荷、藿香、陈皮,保和丸,辛淡宣化
H0097,案97 湿热阻中咳痰,标题,湿热阻中,,湿热咳嗽（湿温、暑湿、湿阻、酒湿）,湿热,1,10,厚朴、夏枯草、大腹皮、天葵子、昆布、海藻、砂仁、莱菔子、藿香、青皮,,宣化
H0103,案103 身热咳嗽气郁胸闷,标题,,,病机未明示,,1,10,佛手、佩兰、枳壳、淡竹叶、滑石、瓜蒌皮、甘松、豆蔻、郁金、香附,,芳淡开泄
H0139,案139 湿热化痰咳逆,标题+诊断,咳嗽,湿热化痰,湿热咳嗽（湿温、暑湿、湿阻、酒湿）,湿热,1,10,前胡、半夏、枳实、瓜蒌子、白前、紫菀、茯苓、薏苡仁、远志、郁金,,降气；豁痰
H0142,案142 咳痰头痛心跳,标题,,,病机未明示,,1,10,前胡、半夏、瓜蒌子、白前、苦杏仁、茯苓、薏苡仁、蛤壳、陈皮、马兜铃,,豁痰；降气
H0147,案147 热痰阻肺咳吐黄痰,标题+诊断,咳嗽,热痰阻肺,痰热肺热（肺热、痰火、伏火、肺燥）,热痰,1,10,前胡、半夏、桑叶、桔梗、款冬花、瓜蒌皮、白前、竹茹、苦杏仁、陈皮,,肃肺除嗽
H0153,案153 咳吐黑痰,标题+诊断,咳吐黑痰,,病机未明示,,1,10,佩兰、淡竹叶、瓜蒌子、紫苏叶、苦杏仁、薄荷、藿香、通草、陈皮、马兜铃,,芳淡清化
H0177,案177 湿热伤肺咳嗽,标题,湿热,,湿热咳嗽（湿温、暑湿、湿阻、酒湿）,湿热,1,10,栀子、淡竹叶、紫苏叶、苦杏仁、茯苓、薄荷、薏苡仁、藿香、连翘、陈皮,,疏解清化
H0178,案178 湿热化痰咳嗽,标题,湿热化痰,,湿热咳嗽（湿温、暑湿、湿阻、酒湿）,湿热,2,13,冬瓜皮、前胡、枳壳、桑枝、橘红、滑石、瓜蒌子、白前、紫菀、苦杏仁、薏苡仁、陈皮、马兜铃,保和丸,辛淡清化
H0192,案192 咳痰胸痛胃钝,标题+诊断,咳嗽,,病机未明示,,1,10,桑叶、款冬花、瓜蒌子、白前、竹茹、紫菀、胖大海、蛤壳、陈皮、马兜铃,,清化芳淡
H0193,案193 暑湿夹痰咳嗽,标题+诊断,咳嗽,暑湿夹痰、肝火烁肺,肝火犯肺（木火刑金）,肝,3,16,冬丝瓜皮子、冬瓜皮子、枳实、桑枝、款冬花、淡竹叶、滑石、牛蒡子、瓜蒌子、紫菀、苦杏仁、菊花、远志、连翘、陈皮、马兜铃,礞石滚痰丸、节斋化痰丸,三焦分消；宣肺活痰
H0199,案199 肺热咳甚胁痛,标题+诊断,肺热咳,肺热,痰热肺热（肺热、痰火、伏火、肺燥）,肺热,1,10,冬瓜皮子、桑叶、桑枝、瓜蒌子、甜杏仁、白前、竹茹、紫菀、蛤壳、马兜铃,,肃清肺热
H0200,案200 头痛身热咳痰,标题,,,病机未明示,,1,10,桑叶、桑枝、淡竹叶、瓜蒌皮、菊花、薄荷、谷精草、连翘、郁金、青蒿,,轻清疏达
H0201,案201 咳痰胸闷胃钝,标题+诊断,咳嗽,,病机未明示,,1,10,佛手、前胡、半夏、枳壳、苦杏仁、茯苓、茵陈、薏苡仁、远志、陈皮,,辛淡开化
H0203,案203 湿热夹痰咳嗽,标题,湿热,,湿热咳嗽（湿温、暑湿、湿阻、酒湿）,湿热,1,10,佛手、前胡、旋覆花、枳实、滑石、牛蒡子、瓜蒌子、紫苏子、郁金、黄芩,,清肺豁痰
H0234,案4 劳嗽稠痰,标题+诊断,劳嗽,肺劳末期、肺痨末期,虚劳咳嗽（劳嗽、肺痨、阴虚、肾虚）,劳,1,17,地骨皮、天冬、山药、川贝母、柿霜、桑白皮、梨、牛蒡子、甘草、白芍、白薇、石斛、硼砂、竹茹、羚羊角、西洋参、马兜铃,,清肝保肺；益气除痰；润肺活痰；退热开胃
H0239,案9 肝火烁肺干咳,标题,肝火烁肺,,肝火犯肺（木火刑金）,肝,1,9,桑叶、滑石、牛蒡子、瓜蒌皮、白前、紫菀、胖大海、连翘、陈皮,左金丸,清肝宣肺；活痰化湿
H0241,案11 肺热咳血,标题+诊断,肺热咳血,,痰热肺热（肺热、痰火、伏火、肺燥）,肺热,1,8,桑叶、竹茹、胖大海、蛤壳、血见愁、金银花、陈皮、马兜铃,紫雪,清营保肺
H0247,案17 痰火湿热咳痰,标题,湿热,,湿热咳嗽（湿温、暑湿、湿阻、酒湿）,湿热,1,8,佩兰、前胡、旋覆花、牛蒡子、瓜蒌子、白前、苦杏仁、马兜铃,竹沥达痰丸,辛润通降
H0256,案26 痰饮久嗽,标题+诊断,痰饮、久嗽,,痰饮痰阻（痰饮、寒饮、痰湿、气逆）,痰饮,1,10,佩兰、半夏、桂枝、白前、白术、紫菀、茯苓、薏苡仁、金橘、陈皮,,除痰蠲饮
H0258,案28 痰嗽气逆浮肿,标题,痰嗳、气逆、浮肿,,痰饮痰阻（痰饮、寒饮、痰湿、气逆）,痰嗽,1,15,佛手、前胡、半夏、大腹皮、天麻、桑白皮、滑石、白前、紫苏子、紫菀、苦杏仁、茯苓、菊花、蝼蛄、陈皮,,豁痰降气；熄风豁痰；达膜退肿
H0259,案29 久咳成痨咳痰带血,标题+诊断,久咳、劳咳,,虚劳咳嗽（劳嗽、肺痨、阴虚、肾虚）,久咳成,1,9,半夏、桑叶、款冬花、甜杏仁、白前、百合、紫菀、蛤壳、陈皮,节斋化痰丸,清痰保肺
H0265,案35 肝火冲脑肺干咳,标题+诊断,干咳,肝火冲脑肺,肝火犯肺（木火刑金）,肝,1,10,桑叶、桑白皮、款冬花、瓜蒌子、甜杏仁、紫菀、胖大海、莱菔、蛤壳、马兜铃,,清肝保肺
H0267,案37 肺热喉痒咳痰,标题+诊断,肺热、咳嗽,,痰热肺热（肺热、痰火、伏火、肺燥）,肺热,1,10,半夏、桑叶、牛蒡子、瓜蒌子、白前、紫菀、胖大海、苦杏仁、蛤壳、陈皮,,清肺；止咳
H0271,案41 肺热咳痰带血,标题+诊断,肺热咳,,痰热肺热（肺热、痰火、伏火、肺燥）,肺热,1,9,桑叶、滑石、瓜蒌子、竹茹、胖大海、蛤壳、郁金、陈皮、马兜铃,十灰丸,加宁络药
H0272,案42 咳痰肢懈,标题+诊断,咳痰,,病机未明示,,1,23,三七、前胡、半夏、旋覆花、桑叶、款冬花、瓜蒌子、甘草、白前、白芍、竹茹、紫菀、胖大海、苦杏仁、茯苓、薏苡仁、藕节、蛤壳、血见愁、远志、陈皮、青童便、马兜铃,十灰丸、节斋化痰丸、青蛤散,清肺除痰；清化轻降；清络保肺；肃肺宁络
H0273,案43 痨嗽稠痰神烦吐酸,标题,痨嗣,,虚劳咳嗽（劳嗽、肺痨、阴虚、肾虚）,痨,1,15,山药、川贝母、橘白、牛蒡子、牡蛎、玄参、白前、白芍、白薇、石斛、砂仁、竹茹、紫菀、蛤壳、马兜铃,,清上补下
H0274,案44 肝火犯肺久咳咳血,标题,肝火,,肝火犯肺（木火刑金）,肝,1,10,地骨皮、桑叶、桑白皮、瓜蒌子、白前、白薇、竹茹、紫菀、蛤壳、马兜铃,,清肝保肺；止咳宁络
H0276,案46 劳嗽痰多粘稠,标题+诊断,劳嗽,,虚劳咳嗽（劳嗽、肺痨、阴虚、肾虚）,劳,1,10,北沙参、天冬、山药、甘草、石斛、葡萄干、薏苡仁、谷芽、远志、金橘,,清肺化痰；开胃健脾
H0281,案51 肝热郁胃冲肺咳痰带血,标题,肝热,肝热郁胃,肝火犯肺（木火刑金）,肝,1,10,枳实、桑叶、桑枝、滑石、玄明粉、瓜蒌子、白鲜皮、茵陈、菊花、青皮,,清肝火；利湿热
H0294,案64 久嗽稀痰,标题+诊断,久嗽,,病机未明示,,1,10,半夏、款冬花、白前、石斛、紫菀、苦杏仁、茯苓、薏苡仁、金橘、陈皮,,化痰止嗽；利湿健胃
H0298,案68 酒毒伤肺干咳失音,标题,酒毒伤肺,,湿热咳嗽（湿温、暑湿、湿阻、酒湿）,酒毒,1,10,牛蒡子、瓜蒌皮、石膏、芦衣纸、苦杏仁、败叫子、连翘、通草、马兜铃、麻黄,,清肺开音
H0299,案69 久嗽伤肺咳痰带血,标题+诊断,久嗽伤肺,,病机未明示,,1,16,天麻、柿霜、石斛、硼砂、秦艽、竹茹、络石藤、胖大海、茯神、菊花、薏苡仁、蛤壳、血见愁、金橘、陈皮、马兜铃,,清肝保肺；化痰宁络
H0300,案70 受寒夹湿咳嗽,标题+诊断,咳嗽,受寒夹湿,湿热咳嗽（湿温、暑湿、湿阻、酒湿）,夹湿,1,10,乳香、半夏、延胡索、款冬花、牛蒡子、瓜蒌皮、紫苏叶、苦杏仁、茯苓、陈皮,,辛淡开泄
H0301,案71 肺热咳嗽,标题+诊断,肺热咳嗽,,痰热肺热（肺热、痰火、伏火、肺燥）,肺热,1,8,柿霜、桑叶、款冬花、甜杏仁、白前、紫菀、胖大海、马兜铃,益元散、青蛤散,清肺活痰
H0302,案72 湿热化痰咳嗽,标题+诊断,咳嗽,湿热化痰,湿热咳嗽（湿温、暑湿、湿阻、酒湿）,湿热,1,12,佛手、佩兰、冬瓜子、冬瓜皮、姜汁、淡竹叶、灯心草、瓜蒌皮、竹沥、茵陈、通草、陈皮,,清化淡渗
H0304,案74 由肾传肺咳嗽,标题+诊断,咳嗽,肾虚遗精、肾咳、由肾传肺、阴虚火亢,虚劳咳嗽（劳嗽、肺痨、阴虚、肾虚）,由肾传肺,1,16,山药、款冬花、沙苑子、牡蛎、玄参、甜杏仁、白芍、白薇、百合、竹茹、紫菀、芡实、蛤壳、阿胶、陈皮、马兜铃,,养阴滋肾；清肝保肺；清肝保肺化痰止嗽
H0308,案78 酒毒伤肺咳痰吐脓血,标题,酒毒伤肺,,顿咳、肺痈等专病,脓血,1,17,三七、冬瓜子、地黄、天冬、枳椇子、桑白皮、款冬花、甘草、百合、石斛、竹茹、芦根、菩提子根、蛤壳、血见愁、赤小豆、金银花,,保肺宁络；增液润燥
H0309,案79 痰饮咳嗽,标题+诊断,痰饮咳嗽,,痰饮痰阻（痰饮、寒饮、痰湿、气逆）,痰饮,1,19,冬瓜子、前胡、半夏、枳实、桂枝、橘红、款冬花、滑石、瓜蒌子、甘草、白前、紫菀、苦杏仁、茯苓、莱菔子、薏苡仁、薤白、远志、陈皮,,宣化通降；通阳散结；辛开行滞
H0311,案81 肺热痰阻咳血痰稠,标题+诊断,咳血、肺热,,痰热肺热（肺热、痰火、伏火、肺燥）,肺热,1,8,桑叶、瓜蒌子、甜杏仁、竹茹、胖大海、蛤壳、陈皮、马兜铃,,清痰保肺；宁络
H0316,案86 肺热咳痰胸痛,标题+诊断,肺热咳嗽,,痰热肺热（肺热、痰火、伏火、肺燥）,肺热,1,10,佛耳草、枇杷肉、桑叶、瓜蒌子、胖大海、莱菔、蛤壳、连翘、重楼、马兜铃,,清肺除痰
H0319,案89 咳嗽黄痰带血,标题+诊断,咳嗽,,病机未明示,,2,11,桑叶、款冬花、瓜蒌子、百合、竹茹、胖大海、苦杏仁、蛤壳、金橘、陈皮、马兜铃,,清降；宁络
H0323,案93 劳嗽失音便血,标题+诊断,劳嗽、失音、便血,,虚劳咳嗽（劳嗽、肺痨、阴虚、肾虚）,劳,1,14,川贝母、朱砂、柿霜、桔梗、款冬花、滑石、牛蒡子、甘草、甜杏仁、硼砂、竹茹、阿胶、马兜铃、鱼鳖草,,清肺；开音；宁络；止血
H0329,案99 痰阻肝风咳嗽头晕,标题+诊断,咳嗽,痰阻肝风,肝火犯肺（木火刑金）,肝,1,8,栀子、桑叶、瓜蒌子、竹茹、菊花、血见愁、郁金、马兜铃,十灰丸、青蛤散,清肺宁络；兼熄肝风
H0330,案100 肝火犯肺呕血干咳,标题,肝火,,肝火犯肺（木火刑金）,肝,3,19,三七、地黄、朱砂、桑叶、款冬花、滑石、瓜蒌子、甜杏仁、白茅根、百合、石决明、竹茹、胖大海、蛤壳、血见愁、赭石、郁金、金橘、陈皮,十灰丸、节斋化痰丸,清肺柔肝；宁络止嗽
H0334,案104 劳嗽,标题,劳嗼,,虚劳咳嗽（劳嗽、肺痨、阴虚、肾虚）,劳,1,10,半夏、桑叶、款冬花、甜杏仁、百合、紫菀、茯苓、蛤壳、金橘、陈皮,,肃肺健胃
H0336,案106 痰阻湿热咳血痰稠,标题,湿热,,湿热咳嗽（湿温、暑湿、湿阻、酒湿）,湿热,1,9,三七、冬瓜皮、桑叶、桑枝、滑石、瓜蒌子、竹茹、血见愁、郁金,十灰丸,清肺宁络；化湿泄热
H0342,案112 风嗽白痰,标题+诊断,风嗽,,外感风邪（风寒、风热、风燥、冬温）,风嗽,1,9,半夏、款冬花、瓜蒌子、白前、百部、紫菀、苦杏仁、远志、陈皮,,清肺止嗽
H0344,案114 酒湿伤肺咳嗽痰多,标题+诊断,酒湿、咳嗽,,湿热咳嗽（湿温、暑湿、湿阻、酒湿）,酒湿,1,8,前胡、半夏、枳椇子、桑叶、瓜蒌子、茯苓、菊花、远志,控涎丹、青蛤散,清化通降
H0345,案115 痰饮咳嗽夜不能寐,标题+诊断,痰饮咳嗽,,痰饮痰阻（痰饮、寒饮、痰湿、气逆）,痰饮,1,10,半夏、夏枯草、夜合花、甘草、竹茹、茯苓、薏苡仁、远志、金橘、陈皮,,除痰宁睡
H0349,案119 肺中痰阻咳痰胸闷,标题,痰阻,,痰饮痰阻（痰饮、寒饮、痰湿、气逆）,痰阻,1,10,前胡、半夏、射干、枳壳、牛蒡子、紫苏子、苦杏仁、远志、郁金、陈皮,,宣肺豁痰
H0353,案123 风热咳嗽,标题+诊断,风热咳嗽,,外感风邪（风寒、风热、风燥、冬温）,风热,2,12,旋覆花、桑叶、桑枝、款冬花、瓜蒌子、白前、百合、竹茹、紫菀、胖大海、苦杏仁、陈皮,青蛤散,
H0358,案128 咳痰胃钝,标题+诊断,咳嗽,肺热痰浊、脾胃湿滞,湿热咳嗽（湿温、暑湿、湿阻、酒湿）,湿滞,2,14,冬瓜子、前胡、半夏、枳壳、桑叶、桔梗、苦杏仁、茯苓、莱菔子、薏苡仁、郁金、陈皮、马兜铃、鸡内金,,清肺除痰；消滞开胃
H0362,案132 伤风动嗽,标题+诊断,伤风、劳嗽、肺痨,,虚劳咳嗽（劳嗽、肺痨、阴虚、肾虚）,劳,6,35,地骨皮、地黄、天冬、川贝母、柏子仁、柿霜、桑叶、桑白皮、梨、牡丹皮、玄参、珍珠母、瓜蒌子、瓜蒌皮、白前、白芍、白茅根、白薇、知母、石决明、石斛、石膏、竹茹、紫菀、胖大海、芦衣纸、蛤壳、西洋参、败叫子、金汁、青泻叶、马兜铃、鸡子白、麦冬、龟甲,,清肺开音；豁痰调中
H0367,案137 咳嗽日轻夜重,标题+诊断,咳嗽,,病机未明示,,1,9,旋覆花、橘红、款冬花、瓜蒌子、白前、紫苏子、紫菀、芥子、蛤壳,控涎丹,辛润开降
H0378,案148 肺热咳痰带血,标题+诊断,肺热咳痰带血,,痰热肺热（肺热、痰火、伏火、肺燥）,肺热,2,14,栀子、桑叶、桑白皮、瓜蒌子、瓜蒌皮、甜杏仁、白薇、竹茹、紫菀、胖大海、薏苡仁、血见愁、郁金、马兜铃,十灰丸、青蛤散,清肺宁络
H0386,案156 肺痈咳痰上冲咽喉,标题,肺痈,,顿咳、肺痈等专病,肺痈,1,10,大枣、川贝母、桑叶、桑白皮、瓜蒌子、甜葶苈草、蛤壳、连翘、金银花、马兜铃,,清肺化痰；排脓顺气
H0392,案162 痰湿阻肺咳痰,标题,湿阻,,湿热咳嗽（湿温、暑湿、湿阻、酒湿）,湿阻,2,20,冬瓜皮、北沙参、半夏、桑叶、桑枝、橘白、款冬花、瓜蒌子、甜杏仁、白前、石斛、紫菀、芡实、苦杏仁、茯苓、薏苡仁、蛤壳、金橘、陈皮、香附,,肃肺化痰；肃肺除痰；轻扬
H0397,案167 肠风飧泄咳嗽,标题+诊断,肠风飧泄、咳嗽,,病机未明示,,1,18,佩兰、前胡、山药、枳壳、桑叶、桔梗、淡竹叶、滑石、灯心草、甘松、甘草、甜杏仁、白芍、茯神、茯苓、薏苡仁、藿香、陈皮,,清上补下；清化芳淡
H0398,案168 风寒身痛咳嗽,标题+诊断,风寒身痛、咳嗽,风寒,外感风邪（风寒、风热、风燥、冬温）,风寒,1,10,半夏、桂枝、橘白、滑石、白前、紫苏叶、紫菀、菊花、薄荷、香附,,清肺通络
H0404,案174 肝火冲肺咳血,标题,肝火冲肺,,肝火犯肺（木火刑金）,肝,1,10,三七、地黄、朱砂、桑叶、滑石、竹茹、胖大海、蛤壳、血见愁、陈皮,左金丸,清肝宁络
H0406,案176 木侮金咳痰,标题+诊断,咳嗽,木侮金,肝火犯肺（木火刑金）,木侮,1,9,橘白、滑石、瓜蒌皮、益母草、竹茹、苦杏仁、通草、郁金、香附,左金丸,清肺平肝；化痰止呕
H0410,案180 暑风伤肝咳血,标题+诊断,暑风伤肝咳血,暑风伤肝,肝火犯肺（木火刑金）,肝,2,15,三七、桑叶、款冬花、瓜蒌子、白前、石斛、竹茹、紫菀、苦杏仁、薏苡仁、蛤壳、血见愁、金橘、陈皮、马兜铃,,清肺宁络
H0411,案181 肺热咳痰胸闷,标题+诊断,肺热咳痰,肝风夹痰,肝火犯肺（木火刑金）,肝,3,19,冬瓜皮、前胡、半夏、天麻、朱砂、枳实、桑枝、款冬花、淡竹叶、滑石、牛蒡子、牡蛎、瓜蒌子、白前、紫菀、菊花、蛤壳、通草、马兜铃,磁朱丸,肃肺清胃；熄风豁痰
H0416,案186 肺热咳血咯痰,标题+诊断,肺热咳血,肺热、湿热,湿热咳嗽（湿温、暑湿、湿阻、酒湿）,湿热,1,9,三七、冬瓜皮、桑叶、桑枝、滑石、瓜蒌子、竹茹、血见愁、郁金,十灰丸,清肺宁络；化湿泄热
H0420,案190 肝火烁肺干咳,标题+诊断,干咳,肝火烁肺、风温夹肝火犯肺,肝火犯肺（木火刑金）,肝,2,12,旋覆花、桑叶、滑石、牛蒡子、瓜蒌皮、白前、紫菀、胖大海、苦杏仁、薄荷、连翘、陈皮,,清肝宣肺；活痰化湿；轻宣清解
H0422,案192 肺热劳嗽胸闷,标题+诊断,肺热劳嗽,,虚劳咳嗽（劳嗽、肺痨、阴虚、肾虚）,劳,2,12,桑叶、款冬花、瓜蒌子、甜杏仁、白前、百合、石决明、紫菀、胖大海、蛤壳、陈皮、马兜铃,,清肝保肺；化痰止嗽
H0423,案193 痰阻湿热久嗽胃钝,标题+诊断,久嗽,痰阻湿热,湿热咳嗽（湿温、暑湿、湿阻、酒湿）,湿热,2,14,佛手、佩兰、旋覆花、朱砂、枳实、桑白皮、淡竹叶、滑石、牛蒡子、瓜蒌子、白前、紫菀、蛤壳、马兜铃,,降气燥痰；宽胸疏中
H0425,案195 木火刑金久咳,标题+诊断,久咳,木火刑金,肝火犯肺（木火刑金）,木火,1,11,大枣、桑叶、款冬花、瓜蒌子、甜杏仁、甜葶苈梗叶、白薇、百合、紫菀、金橘、马兜铃,,清肝保肺；补虚
H0426,案196 湿阻咳痰胸闷,标题+诊断,咳嗽、湿阻,,湿热咳嗽（湿温、暑湿、湿阻、酒湿）,湿阻,1,10,前胡、半夏、旋覆花、桑枝、滑石、络石藤、苦杏仁、茯苓、远志、陈皮,,辛淡开化
H0430,案200 肝火燥肺咳血,标题,肝火,,肝火犯肺（木火刑金）,肝,4,26,前胡、半夏、夏枯草、天葵子、旋覆花、桑叶、款冬花、牛蒡子、瓜蒌子、甜杏仁、白前、白芍、白薇、百合、百部、竹茹、紫菀、菊花、薏苡仁、蛤壳、血见愁、远志、陈皮、青海粉、马兜铃、龙齿,,清肝保肺；宁络止血
H0432,案202 痰瘀阻肺咳痰吐血,标题,,,痰饮痰阻（痰饮、寒饮、痰湿、气逆）,痰瘀,2,15,三七、前胡、旋覆花、桑白皮、牛蒡子、瓜蒌子、白前、紫苏子、紫菀、胖大海、苦杏仁、蛤壳、赭石、远志、马兜铃,礞石滚痰丸,活痰消瘀；顺气降痰
H0438,案208 肺伏火咳痰,标题+诊断,肺伏火咳痰,肺有伏火,痰热肺热（肺热、痰火、伏火、肺燥）,伏火,3,17,柿霜、桑叶、款冬花、淡竹叶、牛蒡子、瓜蒌子、瓜蒌皮、白前、白茅根、白薇、硼砂、竹茹、紫菀、连翘、金星鱼鳖草、陈皮、马兜铃,,清肝活痰；清肺透热
H0439,案209 风寒身痛咳血,标题,风寒、肺病,风寒束肺、湿热,湿热咳嗽（湿温、暑湿、湿阻、酒湿）,湿热,2,16,丝瓜络、栀子、桑叶、桑枝、梨皮、滑石、瓜蒌子、白茅根、竹茹、紫苏叶、络石藤、茵陈、菊花、薏苡仁、血见愁、郁金,,轻清疏解；清利湿热，兼通络止痛
H0440,案210 肺痨咳血痰嗽,标题+诊断,肺痨、咳血、痰嗽,肺劳初期,虚劳咳嗽（劳嗽、肺痨、阴虚、肾虚）,痨,2,13,柿霜、桑叶、款冬花、牛蒡子、瓜蒌子、甜杏仁、白前、白薇、石斛、硼砂、紫菀、金橘、马兜铃,节斋化痰丸、青蛤散,清肺化痰；开胃宁络
H0442,案212 肝火犯肺痰血,诊断,咳嗽、痰血,肝火犯肺,肝火犯肺（木火刑金）,肝,2,14,天麻、瓜蒌子、白前、白芍、白薇、石决明、石斛、紫菀、胖大海、菊花、蛤壳、陈皮、马兜铃、龙齿,,清肝保肺；顺气熄风；镇心开胃
H0448,案218 风热犯肺咳痰胸痛,标题+诊断,咳,风热犯肺,外感风邪（风寒、风热、风燥、冬温）,风热,1,10,前胡、半夏、桑叶、桔梗、甘草、白前、紫菀、苦杏仁、茯苓、陈皮,,疏肺化痰
H0461,案231 痰阻气急咳吐,标题+诊断,痰阻气急咳吐,,痰饮痰阻（痰饮、寒饮、痰湿、气逆）,痰阻,2,13,延胡索、旋覆花、柿霜、桑白皮、牛蒡子、瓜蒌子、白前、砂仁、硼砂、紫菀、蛤壳、郁李仁、马兜铃,礞石滚痰丸,豁痰降气；辛润通降
H0463,案233 肺火咳痰带血,标题,,,痰热肺热（肺热、痰火、伏火、肺燥）,肺火,2,12,地骨皮、柿霜、桑白皮、梨皮、甘松、甘草、白芍、白薇、石决明、蛤壳、陈皮、青蒿,,清肺火；泻伏火
H0475,案245 肝热冲肺咳痰气急,标题+诊断,咳嗽,肝热冲肺,肝火犯肺（木火刑金）,肝,1,9,旋覆花、桑叶、牛蒡子、白前、紫花、紫苏叶、菊花、薄荷、郁金,青蛤散,清解肃降
H0476,案246 痰阻气滞咳嗽胃钝,标题+诊断,咳嗽,痰阻气滞,痰饮痰阻（痰饮、寒饮、痰湿、气逆）,痰阻,1,10,半夏、枳壳、桂枝、桔梗、石菖蒲、荷叶、谷芽、败叫子、远志、陈皮,,化痰开胃
H0479,案249 肝火烁肺咳痰带血,标题+诊断,咳嗽,肝火烁肺,肝火犯肺（木火刑金）,肝,1,9,三七、滑石、瓜蒌子、甘草、竹茹、络石藤、血见愁、陈皮、马兜铃,十灰丸,清肝保肺
H0482,案252 风燥咳喘不得卧,标题+诊断,咳喘,风燥、肝火烁肺,肝火犯肺（木火刑金）,肝,2,15,寒水石、旋覆花、桑叶、梨、梨皮、牛蒡子、瓜蒌子、白前、石决明、紫菀、苦杏仁、莱菔、蛤壳、陈皮、马兜铃,左金丸、礞石滚痰丸、竹沥达痰丸,清燥肃肺；清润通降
H0497,案267 寒饮阻肺咳喘,标题,,寒饮阻肺,痰饮痰阻（痰饮、寒饮、痰湿、气逆）,寒饮,2,15,半夏、干姜、桂枝、桑白皮、款冬花、甘草、白前、白芍、紫苏子、紫菀、细辛、苦杏仁、茯苓、薏苡仁、陈皮,,轻清疏达；辛淡宣化
H0498,案268 痰阻肾虚咳喘足软,标题+诊断,咳嗽、喘,痰阻肾虚,虚劳咳嗽（劳嗽、肺痨、阴虚、肾虚）,肾虚,2,17,佩兰、冬虫夏草、半夏、桑白皮、款冬花、牡蛎、白前、白石英、石斛、紫苏子、紫菀、茯苓、薏苡仁、蛤壳、金橘、陈皮、马兜铃,,肃肺滋肾；顺气化痰；祛湿开胃
H0505,案275 肝热秋燥咳痰,标题+诊断,咳痰,肝热秋燥、肝气盛、肝阴不足，肝阳内扰、肝经伏热,肝火犯肺（木火刑金）,肝,5,31,代代花、北沙参、南北沙参、地骨皮、地黄、夏枯草、天冬、女贞子、川贝母、建兰叶、木蝴蝶、柿霜、桑叶、梨皮、橘络、熟地黄、牡蛎、珍珠母、瓜蒌皮、白芍、白茅根、石斛、砂仁、竹茹、胖大海、茯神、蛤壳、西洋参、郁金、金橘、青海粉,,清燥润肺，柔肝泄热；育阴潜阳，参以清化上焦；潜肝安神，调气和胃
H0511,案281 肝火烁肺咳痰带血,标题,肝火烁肺,,肝火犯肺（木火刑金）,肝,2,8,三七、冬虫夏草、牡蛎、石斛、竹茹、血见愁、陈皮、龙骨,,潜镇摄纳；固脱收汗；纳气止血
H0513,案283 肺中伏火咳嗽,标题+诊断,咳嗽,肺中伏火、肝火冲肺,肝火犯肺（木火刑金）,肝,2,13,地黄、旋覆花、桑叶、桑白皮、淡竹叶、瓜蒌子、甜杏仁、竹茹、胖大海、蛤壳、连翘、金银花、马兜铃,枇杷叶膏、益元散、青蛤散,清轻疏达；清燥救肺
H0521,案291 肝火烁肺久嗽,标题+诊断,久嗽,肝火烁肺,肝火犯肺（木火刑金）,肝,2,14,丝瓜络、地骨皮、川贝母、桑白皮、瓜蒌子、白前、白芍、白薇、石决明、紫菀、络石藤、蛤壳、金橘、防己,益元散、节斋化痰丸,潜镇泄化
H0525,案295 咳嗽气急,标题+诊断,咳嗽,外寒内热,痰饮痰阻（痰饮、寒饮、痰湿、气逆）,气急,4,19,冬瓜子、前胡、半夏、旋覆花、枳实、橘红、牛蒡子、瓜蒌子、瓦楞子、白前、石膏、竹茹、紫苏子、紫菀、苦杏仁、薏苡仁、蛤壳、赭石、马兜铃,礞石滚痰丸,顺气开降；顺气开痰；豁痰降气
H0546,案316 肝木侮金咳血胁痛,标题,,,肝火犯肺（木火刑金）,肝,1,10,桑叶、款冬花、瓜蒌子、白前、紫菀、胖大海、苦杏仁、蛤壳、陈皮、马兜铃,,肃肺宁嗽；柔肝止痛
H0551,案321 肝郁冲肺入胃嗽胀,标题,气郁,冲肺作嗽、入胃作胀,肝火犯肺（木火刑金）,肝,1,9,厚朴、地骷髅、大腹皮、旋覆花、甘松、紫苏叶、路路通、郁金、香附,礞石滚痰丸,调气疏肝；宣肺豁痰
H0553,案323 肝风夹痰头晕咳嗽,标题,肝风夹痰,,肝火犯肺（木火刑金）,肝,1,11,天麻、旋覆花、朱砂、桑叶、淡竹叶、滑石、石决明、菊花、蛤壳、陈皮、马兜铃,,平肝熄风；豁痰宁心
H0560,案330 久嗽痰喘转肿化胀,标题+诊断,嗽、喘、肿、胀,痰喘,痰饮痰阻（痰饮、寒饮、痰湿、气逆）,痰喘,1,10,地骷髅、大腹皮、淡竹叶、滑石、牛蒡子、瓜蒌子、竹茹、紫苏子、苦杏仁、鸡内金,宽膨散,喘消肿；活痰宽胀
H0564,案334 肺燥咳痰带血,标题+诊断,肺燥咳痰带血,,痰热肺热（肺热、痰火、伏火、肺燥）,肺燥,1,10,桑叶、瓜蒌子、白薇、石决明、竹茹、胖大海、蛤壳、血见愁、马兜铃、龙齿,,清燥救肺；宁络柔肝
H0565,案335 气郁痰阻面浮足肿,诊断,咳嗽,气郁痰阻,痰饮痰阻（痰饮、寒饮、痰湿、气逆）,痰阻,1,9,大腹皮、旋覆花、枳壳、桑白皮、瓜蒌子、苦杏仁、车前子、郁金、鸡内金,宽膨散,顺气开痰；退肿消胀
H0568,案338 肺热干咳伴胃不健,标题+诊断,肺热干咳、胃不健,,痰热肺热（肺热、痰火、伏火、肺燥）,肺热,1,10,桑叶、桑白皮、款冬花、瓜蒌子、甜杏仁、百部、紫菀、胖大海、蛤壳、马兜铃,,清燥救肺
H0570,案340 肺燥干咳,标题+诊断,肺燥、干咳,肺燥,痰热肺热（肺热、痰火、伏火、肺燥）,肺燥,2,16,天冬、山药、延胡索、旋覆花、桑叶、款冬花、牛蒡子、瓜蒌子、甘草、甜杏仁、竹茹、胖大海、苦杏仁、蛤壳、金橘、马兜铃,枇杷叶膏、益元散,清燥救肺
H0587,案357 久嗽由肺及脾、手足皆肿,标题+诊断,久嗽,,病机未明示,,1,10,五加皮、人参须、橘白、牡蛎、甘草、白术、砂仁、薏苡仁、赤小豆、黄芪,,调中益气；健肺脾
H0607,案81 暑湿肝风经水适来,诊断,暑湿、肝风、咳嗽,暑湿兼肝风、肝火冲肺,肝火犯肺（木火刑金）,肝,3,21,代代花、佩兰、凌霄花、大青叶、天麻、川贝母、朱砂、桑叶、淡竹叶、滑石、瓜蒌皮、甜杏仁、白薇、益母草、真绛通、紫苏子、荷花、菊花、蛤壳、郁金、青蒿,,芳淡清熄；清肝止嗽
H0613,案3 顿咳气逆,标题+诊断,顿咳,,顿咳、肺痈等专病,顿咳,1,10,冬瓜子、川楝子、枳椇子、牛蒡子、白前、竹茹、紫苏子、紫菀、胖大海、莱菔子,,润肺降痰
H0617,案7 连声痰嗽,标题+诊断,痰嗽,痰湿,痰饮痰阻（痰饮、寒饮、痰湿、气逆）,痰嗽,1,6,桑叶、白前、竹茹、紫菀、苦杏仁、陈皮,,豁痰降气
H0627,案17 咳嗽午后热甚,标题+诊断,咳嗽,,病机未明示,,2,13,丝瓜皮、朱砂、栀子、桑叶、桑枝、橘白、淡竹叶、淡豆豉、滑石、灯心草、竹茹、菊花、青蒿,,芳淡清透；轻清和中
H0628,案18 身热顿咳,标题+诊断,顿咳,,顿咳、肺痈等专病,顿咳,1,8,冬瓜皮子、大枣、牛蒡子、瓜蒌子、芦根、苦杏仁、葶苈子、薏苡仁,,叶氏治顿咳法
H0650,案40 热退咳嗽痰多、胃气不健,标题+诊断,咳嗽,,病机未明示,,1,10,佛手、前胡、半夏、桔梗、瓜蒌子、紫苏子、苦杏仁、茯苓、薏苡仁、陈皮,,顺气开痰
H0651,案41 冬温夹食身热咳嗽,标题+诊断,冬温、咳嗽,冬温夹食,外感风邪（风寒、风热、风燥、冬温）,冬温,1,10,前胡、广杏仁、桔梗、棕子尖、橘红、牛蒡子、薄荷、蝉蜕、连翘、青箬尖,,开达兼消
H0652,案42 气咳无痰胃纳不健,标题+诊断,气咳,,病机未明示,,1,10,前胡、桔梗、淡竹叶、牛蒡子、瓜蒌皮、竹茹、苦杏仁、车前子、陈皮、鸡内金,,宣肺利溺
