规范药名,频次,四气,五味,归经,毒性,功效大类,功效亚类,依据,备注
瓜蒌子,67,寒,甘,肺、胃、大肠,,化痰止咳平喘药,清化热痰药,《中华人民共和国药典》2020年版一部,
陈皮,62,温,苦、辛,肺、脾,,理气药,,《中华人民共和国药典》2020年版一部,
桑叶,59,寒,甘、苦,肺、肝,,解表药,发散风热药,《中华人民共和国药典》2020年版一部,
紫菀,53,温,辛、苦,肺,,化痰止咳平喘药,止咳平喘药,《中华人民共和国药典》2020年版一部,
马兜铃,53,微寒,苦,肺、大肠,,化痰止咳平喘药,止咳平喘药,《中华人民共和国药典》2015年版一部,含马兜铃酸，现行药典未收载
白前,49,微温,辛、苦,肺,,化痰止咳平喘药,温化寒痰药,《中华人民共和国药典》2020年版一部,
蛤壳,49,寒,苦、咸,肺、肾、胃,,化痰止咳平喘药,清化热痰药,《中华人民共和国药典》2020年版一部,
苦杏仁,48,微温,苦,肺、大肠,有小毒,化痰止咳平喘药,止咳平喘药,《中华人民共和国药典》2020年版一部,
竹茹,47,微寒,甘,肺、胃、心、胆,,化痰止咳平喘药,清化热痰药,《中华人民共和国药典》2020年版一部,
滑石,38,寒,甘、淡,膀胱、肺、胃,,利水渗湿药,利尿通淋药,《中华人民共和国药典》2020年版一部,
牛蒡子,36,寒,辛、苦,肺、胃,,解表药,发散风热药,《中华人民共和国药典》2020年版一部,
款冬花,35,温,辛、微苦,肺,,化痰止咳平喘药,止咳平喘药,《中华人民共和国药典》2020年版一部,
半夏,31,温,辛,脾、胃、肺,有毒,化痰止咳平喘药,温化寒痰药,《中华人民共和国药典》2020年版一部,
胖大海,31,寒,甘,肺、大肠,,化痰止咳平喘药,清化热痰药,《中华人民共和国药典》2020年版一部,
薏苡仁,29,凉,甘、淡,脾、胃、肺,,利水渗湿药,利水消肿药,《中华人民共和国药典》2020年版一部,
前胡,28,微寒,苦、辛,肺,,化痰止咳平喘药,清化热痰药,《中华人民共和国药典》2020年版一部,
茯苓,23,平,甘、淡,心、肺、脾、肾,,利水渗湿药,利水消肿药,《中华人民共和国药典》2020年版一部,
郁金,23,寒,辛、苦,肝、心、肺,,活血化瘀药,活血止痛药,《中华人民共和国药典》2020年版一部,
旋覆花,22,微温,苦、辛、咸,肺、脾、胃、大肠,,化痰止咳平喘药,温化寒痰药,《中华人民共和国药典》2020年版一部,
淡竹叶,22,寒,甘、淡,心、胃、小肠,,清热药,清热泻火药,《中华人民共和国药典》2020年版一部,
甜杏仁,20,平,甘,肺、大肠,,化痰止咳平喘药,止咳平喘药,《中华本草》,苦杏仁附药
桑白皮,18,寒,甘,肺,,化痰止咳平喘药,止咳平喘药,《中华人民共和国药典》2020年版一部,
桑枝,17,平,微苦,肝,,祛风湿药,祛风湿热药,《中华人民共和国药典》2020年版一部,
菊花,17,微寒,甘、苦,肺、肝,,解表药,发散风热药,《中华人民共和国药典》2020年版一部,
远志,17,温,苦、辛,心、肾、肺,,安神药,养心安神药,《中华人民共和国药典》2020年版一部,
金橘,17,温,辛、甘,肝、肺、脾、胃,,理气药,,《中华本草》,教材未载，按功效归类
血见愁,16,,,,,止血药,凉血止血,,地锦草、铁苋菜、山藿香等均有此异名，基原待考
瓜蒌皮,15,寒,甘,肺、胃,,化痰止咳平喘药,清化热痰药,《中华人民共和国药典》2020年版一部,
甘草,15,平,甘,心、肺、脾、胃,,补虚药,补气药,《中华人民共和国药典》2020年版一部,
白薇,15,寒,苦、咸,胃、肝、肾,,清热药,清虚热药,《中华人民共和国药典》2020年版一部,
连翘,15,微寒,苦,肺、心、小肠,,清热药,清热解毒药,《中华人民共和国药典》2020年版一部,
石斛,14,微寒,甘,胃、肾,,补虚药,补阴药,《中华人民共和国药典》2020年版一部,
紫苏子,14,温,辛,肺,,化痰止咳平喘药,止咳平喘药,《中华人民共和国药典》2020年版一部,
佩兰,12,平,辛,脾、胃、肺,,化湿药,,《中华人民共和国药典》2020年版一部,
桔梗,12,平,苦、辛,肺,,化痰止咳平喘药,清化热痰药,《中华人民共和国药典》2020年版一部,
白芍,12,微寒,苦、酸,肝、脾,,补虚药,补血药,《中华人民共和国药典》2020年版一部,
薄荷,12,凉,辛,肺、肝,,解表药,发散风热药,《中华人民共和国药典》2020年版一部,
枳壳,11,微寒,苦、辛、酸,脾、胃,,理气药,,《中华人民共和国药典》2020年版一部,
柿霜,11,凉,甘,心、肺、胃,,化痰止咳平喘药,清化热痰药,《中华本草》,教材未载，按功效归类
栀子,11,寒,苦,心、肺、三焦,,清热药,清热泻火药,《中华人民共和国药典》2020年版一部,
百合,11,寒,甘,心、肺,,补虚药,补阴药,《中华人民共和国药典》2020年版一部,
三七,10,温,甘、微苦,肝、胃,,止血药,化瘀止血药,《中华人民共和国药典》2020年版一部,
佛手,10,温,辛、苦、酸,肝、脾、胃、肺,,理气药,,《中华人民共和国药典》2020年版一部,
石决明,10,寒,咸,肝,,平肝息风药,平抑肝阳药,《中华人民共和国药典》2020年版一部,
茵陈,10,微寒,苦、辛,脾、胃、肝、胆,,利水渗湿药,利湿退黄药,《中华人民共和国药典》2020年版一部,
朱砂,9,微寒,甘,心,有毒,安神药,重镇安神药,《中华人民共和国药典》2020年版一部,
络石藤,9,微寒,苦,心、肝、肾,,祛风湿药,祛风湿热药,《中华人民共和国药典》2020年版一部,
藿香,9,微温,辛,脾、胃、肺,,化湿药,,《中华人民共和国药典》2020年版一部,原文为杜藿（土藿香），性味参广藿香
川贝母,8,微寒,苦、甘,肺、心,,化痰止咳平喘药,清化热痰药,《中华人民共和国药典》2020年版一部,
枳实,8,微寒,苦、辛、酸,脾、胃,,理气药,,《中华人民共和国药典》2020年版一部,
橘白,8,,,,,理气药,,,陈皮去外层红皮者，现行药典未收载，性味待核
紫苏叶,8,温,辛,肺、脾,,解表药,发散风寒药,《中华人民共和国药典》2020年版一部,
天麻,7,平,甘,肝,,平肝息风药,息风止痉药,《中华人民共和国药典》2020年版一部,
山药,7,平,甘,脾、肺、肾,,补虚药,补气药,《中华人民共和国药典》2020年版一部,
橘红,7,温,辛、苦,肺、脾,,理气药,,《中华人民共和国药典》2020年版一部,陈皮附药
牡蛎,7,微寒,咸,肝、胆、肾,,平肝息风药,平抑肝阳药,《中华人民共和国药典》2020年版一部,
砂仁,7,温,辛,脾、胃、肾,,化湿药,,《中华人民共和国药典》2020年版一部,
硼砂,7,凉,甘、咸,肺、胃,,拔毒化腐生肌药,,"《中药学》（""十四五""规划教材）",外用为主，何氏内服取清肺化痰
青蒿,7,寒,苦、辛,肝、胆,,清热药,清虚热药,《中华人民共和国药典》2020年版一部,
冬瓜子,6,微寒,甘,肺、大肠,,化痰止咳平喘药,清化热痰药,《中华本草》,冬瓜皮附药，按功效归类
冬瓜皮,6,凉,甘,脾、小肠,,利水渗湿药,利水消肿药,《中华人民共和国药典》2020年版一部,
地骨皮,6,寒,甘,肺、肝、肾,,清热药,清虚热药,《中华人民共和国药典》2020年版一部,
地黄,6,寒,甘、苦,心、肝、肾,,清热药,清热凉血药,《中华人民共和国药典》2020年版一部,鲜地黄
天冬,6,寒,甘、苦,肺、肾,,补虚药,补阴药,《中华人民共和国药典》2020年版一部,
通草,6,微寒,甘、淡,肺、胃,,利水渗湿药,利尿通淋药,《中华人民共和国药典》2020年版一部,
大腹皮,5,微温,辛,脾、胃、大肠、小肠,,理气药,,《中华人民共和国药典》2020年版一部,
延胡索,5,温,辛、苦,肝、脾,,活血化瘀药,活血止痛药,《中华人民共和国药典》2020年版一部,
桂枝,5,温,辛、甘,心、肺、膀胱,,解表药,发散风寒药,《中华人民共和国药典》2020年版一部,
灯心草,5,微寒,甘、淡,心、肺、小肠,,利水渗湿药,利尿通淋药,《中华人民共和国药典》2020年版一部,
甘松,5,温,辛、甘,脾、胃,,理气药,,《中华人民共和国药典》2020年版一部,
白茅根,5,寒,甘,肺、胃、膀胱,,止血药,凉血止血药,《中华人民共和国药典》2020年版一部,
香附,5,平,辛、微苦、微甘,肝、脾、三焦,,理气药,,《中华人民共和国药典》2020年版一部,
鸡内金,5,平,甘,脾、胃、小肠、膀胱,,消食药,,《中华人民共和国药典》2020年版一部,
夏枯草,4,寒,辛、苦,肝、胆,,清热药,清热泻火药,《中华人民共和国药典》2020年版一部,
枳椇子,4,平,甘,胃,,利水渗湿药,利水消肿药,《中华本草》,
梨皮,4,,,,,未归类,,,食疗品，性味待核
莱菔子,4,平,辛、甘,肺、脾、胃,,消食药,,《中华人民共和国药典》2020年版一部,
赭石,4,寒,苦,肝、心、肺、胃,,平肝息风药,平抑肝阳药,《中华人民共和国药典》2020年版一部,
金银花,4,寒,甘,肺、心、胃,,清热药,清热解毒药,《中华人民共和国药典》2020年版一部,
丝瓜络,3,平,甘,肺、胃、肝,,祛风湿药,祛风湿热药,《中华人民共和国药典》2020年版一部,
冬瓜皮子,3,,,,,未归类,,,冬瓜皮与冬瓜子并用，未拆分
北沙参,3,微寒,甘、微苦,肺、胃,,补虚药,补阴药,《中华人民共和国药典》2020年版一部,
大枣,3,温,甘,脾、胃、心,,补虚药,补气药,《中华人民共和国药典》2020年版一部,
梨,3,,,,,未归类,,,食疗品，性味待核
淡豆豉,3,凉,苦、辛,肺、胃,,解表药,发散风热药,《中华人民共和国药典》2020年版一部,
玄参,3,微寒,甘、苦、咸,肺、胃、肾,,清热药,清热凉血药,《中华人民共和国药典》2020年版一部,
百部,3,微温,甘、苦,肺,,化痰止咳平喘药,止咳平喘药,《中华人民共和国药典》2020年版一部,
石膏,3,大寒,甘、辛,肺、胃,,清热药,清热泻火药,《中华人民共和国药典》2020年版一部,
苏梗通,3,,,,,未归类,,,含义待考（与苏叶梗同方并见，非同一药）
茯神,3,平,甘、淡,心、脾,,安神药,养心安神药,《中华本草》,茯苓附药，按功效归类
莱菔,3,,,,,未归类,,,鲜萝卜，食疗品，性味待核
西洋参,3,凉,甘、微苦,心、肺、肾,,补虚药,补气药,《中华人民共和国药典》2020年版一部,
败叫子,3,,,,,未归类,,,民间用药，待考
黄芩,3,寒,苦,肺、胆、脾、大肠、小肠,,清热药,清热燥湿药,《中华人民共和国药典》2020年版一部,
龙齿,3,凉,甘、涩,心、肝,,安神药,重镇安神药,"《中药学》（""十四五""规划教材）",龙骨附药
乳香,2,温,辛、苦,心、肝、脾,,活血化瘀药,活血止痛药,《中华人民共和国药典》2020年版一部,
代代花,2,平,甘、微苦,肝、胃,,理气药,,《中华本草》,
冬虫夏草,2,平,甘,肺、肾,,补虚药,补阳药,《中华人民共和国药典》2020年版一部,
厚朴,2,温,苦、辛,脾、胃、肺、大肠,,化湿药,,《中华人民共和国药典》2020年版一部,
地骷髅,2,,,,,未归类,,,莱菔老根，性味待核
天葵子,2,寒,甘、苦,肝、胃,,清热药,清热解毒药,《中华人民共和国药典》2020年版一部,
川楝子,2,寒,苦,肝、小肠、膀胱,有小毒,理气药,,《中华人民共和国药典》2020年版一部,
珍珠母,2,寒,咸,肝、心,,平肝息风药,平抑肝阳药,《中华人民共和国药典》2020年版一部,
白术,2,温,苦、甘,脾、胃,,补虚药,补气药,《中华人民共和国药典》2020年版一部,
益母草,2,微寒,苦、辛,肝、心包、膀胱,,活血化瘀药,活血调经药,《中华人民共和国药典》2020年版一部,
知母,2,寒,苦、甘,肺、胃、肾,,清热药,清热泻火药,《中华人民共和国药典》2020年版一部,
秦艽,2,平,辛、苦,胃、肝、胆,,祛风湿药,祛风湿热药,《中华人民共和国药典》2020年版一部,
芡实,2,平,甘、涩,脾、肾,,收涩药,,《中华人民共和国药典》2020年版一部,
芦根,2,寒,甘,肺、胃,,清热药,清热泻火药,《中华人民共和国药典》2020年版一部,
芦衣纸,2,,,,,未归类,,,待考
茯苓皮,2,平,甘、淡,肺、脾、肾,,利水渗湿药,利水消肿药,《中华人民共和国药典》2020年版一部,
葱白,2,温,辛,肺、胃,,解表药,发散风寒药,"《中药学》（""十四五""规划教材）",
谷芽,2,,,,,未归类,,,
赤小豆,2,平,甘、酸,心、小肠,,利水渗湿药,利水消肿药,《中华人民共和国药典》2020年版一部,
车前子,2,寒,甘,肝、肾、肺、小肠,,利水渗湿药,利尿通淋药,《中华人民共和国药典》2020年版一部,
阿胶,2,平,甘,肺、肝、肾,,补虚药,补血药,《中华人民共和国药典》2020年版一部,
青海粉,2,,,,,未归类,,,待考（或为青黛拌海蛤粉）
青皮,2,温,苦、辛,肝、胆、胃,,理气药,,《中华人民共和国药典》2020年版一部,
丝瓜皮,1,,,,,未归类,,,
五加皮,1,温,辛、苦,肝、肾,,祛风湿药,祛风湿强筋骨药,《中华人民共和国药典》2020年版一部,
人参须,1,,,,,未归类,,,性味待核
佛耳草,1,,,,,未归类,,,鼠曲草，性味待核
冬丝瓜皮子,1,,,,,未归类,,,待考
凌霄花,1,寒,甘、酸,肝、心包,,活血化瘀药,活血调经药,《中华人民共和国药典》2020年版一部,
南北沙参,1,,,,,未归类,,,南、北沙参并用，未拆分
夜合花,1,,,,,未归类,,,夜合花或合欢花，待考
大青叶,1,寒,苦,心、胃,,清热药,清热解毒药,《中华人民共和国药典》2020年版一部,
女贞子,1,凉,甘、苦,肝、肾,,补虚药,补阴药,《中华人民共和国药典》2020年版一部,
姜汁,1,,,,,未归类,,,生姜汁
寒水石,1,,,,,未归类,,,性味待核
射干,1,寒,苦,肺,,清热药,清热解毒药,《中华人民共和国药典》2020年版一部,
山楂,1,微温,酸、甘,脾、胃、肝,,消食药,,《中华人民共和国药典》2020年版一部,
干姜,1,热,辛,脾、胃、肾、心、肺,,温里药,,《中华人民共和国药典》2020年版一部,
广杏仁,1,,,,,未归类,,,苦杏仁或南杏（甜杏仁），待考
建兰叶,1,,,,,未归类,,,待考
扁豆花,1,,,,,未归类,,,性味待核
昆布,1,寒,咸,肝、胃、肾,,化痰止咳平喘药,清化热痰药,《中华人民共和国药典》2020年版一部,
木蝴蝶,1,凉,苦、甘,肺、肝、胃,,清热药,清热解毒药,《中华人民共和国药典》2020年版一部,
木通,1,寒,苦,心、小肠、膀胱,,利水渗湿药,利尿通淋药,《中华人民共和国药典》2020年版一部,
枇杷肉,1,,,,,未归类,,,食疗品
柏子仁,1,平,甘,心、肾、大肠,,安神药,养心安神药,《中华人民共和国药典》2020年版一部,
棕子尖,1,,,,,未归类,,,待考
橘络,1,,,,,未归类,,,性味待核
沙苑子,1,温,甘,肝、肾,,补虚药,补阳药,《中华人民共和国药典》2020年版一部,
海藻,1,寒,苦、咸,肝、胃、肾,,化痰止咳平喘药,清化热痰药,《中华人民共和国药典》2020年版一部,
熟地黄,1,微温,甘,肝、肾,,补虚药,补血药,《中华人民共和国药典》2020年版一部,
牡丹皮,1,微寒,苦、辛,心、肝、肾,,清热药,清热凉血药,《中华人民共和国药典》2020年版一部,
玄明粉,1,寒,咸、苦,胃、大肠,,泻下药,攻下药,《中华人民共和国药典》2020年版一部,
瓦楞子,1,平,咸,肺、胃、肝,,化痰止咳平喘药,清化热痰药,《中华人民共和国药典》2020年版一部,
甜葶苈梗叶,1,,,,,未归类,,,待考
甜葶苈草,1,,,,,未归类,,,待考
白石英,1,,,,,未归类,,,
白鲜皮,1,寒,苦,脾、胃、膀胱,,清热药,清热燥湿药,《中华人民共和国药典》2020年版一部,
真绛通,1,,,,,未归类,,,待考
石菖蒲,1,温,辛、苦,心、胃,,开窍药,,《中华人民共和国药典》2020年版一部,
竹沥,1,,,,,未归类,,,鲜竹沥，性味待核
紫花,1,,,,,未归类,,,待考
细辛,1,温,辛,心、肺、肾,,解表药,发散风寒药,《中华人民共和国药典》2020年版一部,
羚羊角,1,寒,咸,肝、心,,平肝息风药,息风止痉药,《中华人民共和国药典》2020年版一部,
芥子,1,温,辛,肺,,化痰止咳平喘药,温化寒痰药,《中华人民共和国药典》2020年版一部,
草果,1,温,辛,脾、胃,,化湿药,,《中华人民共和国药典》2020年版一部,
荷叶,1,平,苦,肝、脾、胃,,收涩药,,《中华人民共和国药典》2020年版一部,莲子附药
荷花,1,,,,,未归类,,,
菩提子根,1,,,,,未归类,,,待考
葡萄干,1,,,,,未归类,,,食疗品
葶苈子,1,大寒,辛、苦,肺、膀胱,,化痰止咳平喘药,止咳平喘药,《中华人民共和国药典》2020年版一部,
薤白,1,温,辛、苦,心、肺、胃、大肠,,理气药,,《中华人民共和国药典》2020年版一部,
藕节,1,平,甘、涩,肝、肺、胃,,止血药,收敛止血药,《中华人民共和国药典》2020年版一部,
蝉蜕,1,寒,甘,肺、肝,,解表药,发散风热药,《中华人民共和国药典》2020年版一部,
蝼蛄,1,,,,,未归类,,,性味待核
谷精草,1,平,辛、甘,肝、肺,,清热药,清热泻火药,《中华人民共和国药典》2020年版一部,
豆蔻,1,温,辛,肺、脾、胃,,化湿药,,《中华人民共和国药典》2020年版一部,
路路通,1,平,苦,肝、肾,,祛风湿药,祛风通络药,《中华人民共和国药典》2020年版一部,
郁李仁,1,平,辛、苦、甘,脾、大肠、小肠,,泻下药,润下药,《中华人民共和国药典》2020年版一部,
重楼,1,微寒,苦,肝,有小毒,清热药,清热解毒药,《中华人民共和国药典》2020年版一部,
金星鱼鳖草,1,,,,,未归类,,,待考
金汁,1,,,,,未归类,,,待考
防己,1,寒,苦,膀胱、肺,,祛风湿药,祛风湿热药,《中华人民共和国药典》2020年版一部,
青泻叶,1,,,,,未归类,,,待考
青童便,1,,,,,未归类,,,待考
青箬尖,1,,,,,未归类,,,箬叶尖，待考
鱼鳖草,1,,,,,未归类,,,待考
鸡子白,1,,,,,未归类,,,食疗品
麦冬,1,微寒,甘、微苦,心、肺、胃,,补虚药,补阴药,《中华人民共和国药典》2020年版一部,
麻黄,1,温,辛、微苦,肺、膀胱,,解表药,发散风寒药,《中华人民共和国药典》2020年版一部,
黄芪,1,微温,甘,肺、脾,,补虚药,补气药,《中华人民共和国药典》2020年版一部,
龙骨,1,平,甘、涩,心、肝、肾,,安神药,重镇安神药,"《中药学》（""十四五""规划教材）",
龟甲,1,微寒,咸、甘,肝、肾、心,,补虚药,补阴药,《中华人民共和国药典》2020年版一部,
