规则类别,名称,关键词（正则）,说明
病机类别,顿咳、肺痈等专病,顿咳|肺痈|脓血,优先级 1（先命中者为准）
病机类别,虚劳咳嗽（劳嗽、肺痨、阴虚、肾虚）,劳|痨|阴虚|肾咳|由肾传肺|肾虚|久咳成,优先级 2（先命中者为准）
病机类别,肝火犯肺（木火刑金）,肝|木侮|木火|刑金|侮金,优先级 3（先命中者为准）
病机类别,湿热咳嗽（湿温、暑湿、湿阻、酒湿）,湿热|湿温|暑湿|湿阻|酒湿|夹湿|湿滞|酒毒,优先级 4（先命中者为准）
病机类别,外感风邪（风寒、风热、风燥、冬温）,风寒|风热|风燥|风嗽|伤风|冬温|秋燥|受寒,优先级 5（先命中者为准）
病机类别,痰热肺热（肺热、痰火、伏火、肺燥）,肺热|肺火|伏火|热痰|痰火|肺燥,优先级 6（先命中者为准）
病机类别,痰饮痰阻（痰饮、寒饮、痰湿、气逆）,痰饮|寒饮|痰湿|痰阻|痰瘀|痰嗽|气逆|痰喘|气急|咳喘|痰浊,优先级 7（先命中者为准）
病机类别,病机未明示,（未命中以上任何一类）,
治法要素,宣肺疏表,宣|疏|散|透|达表|解表|轻清|开泄|开达|辛,一案可同时含多项
治法要素,肃肺降气,肃|降|顺气|下气|平喘|镇逆|纳气,一案可同时含多项
治法要素,化痰豁痰,痰|化饮|涤饮,一案可同时含多项
治法要素,清肺泄热,清肺|肃清|泻肺|清金|清痰|清上|清降|泄热|清热|清化|清宣|清燥|保肺|清肃|凉,一案可同时含多项
治法要素,润燥养阴,润|燥|养阴|滋|救肺|生津|涵|填|育阴|甘寒,一案可同时含多项
治法要素,清肝平肝,肝|熄风|息风|潜阳|涵木,一案可同时含多项
治法要素,宁络止血,宁络|止血|络|血,一案可同时含多项
治法要素,芳化淡渗,芳|淡|渗|湿|分消|宣化,一案可同时含多项
治法要素,和胃调中,胃|调中|和中|开胃|消食|健脾|醒脾,一案可同时含多项
治法要素,补益扶正,补|益气|扶正|培|固|健|养,一案可同时含多项
