方剂,图谱写法,主治（图谱宾语）,与咳嗽的关系,判读依据,来源性质,章节路径,段落编号,原文句
小青龙汤,小青龙汤,痰饮,直接论治咳嗽,段落中方名前后 80 字内论及咳嗽或咯痰,俞氏原论及方论,俞根初临证经验集要 / 第五章 发汗剂 / 第九节 宣上发汗,ygc0392,重则小青龙汤
小青龙汤,小青龙,痰嗽气喘,直接论治咳嗽,主治或原文句含咳、嗽,俞氏原论及方论,俞根初临证经验集要 / 第五章 发汗剂 / 第十一节 化饮发汗,ygc0408,发为痰嗽气喘者，必须从小青龙加减施治
新加三拗汤,新加三拗汤,咳嗽,直接论治咳嗽,主治或原文句含咳、嗽,俞氏原论及方论,俞根初临证经验集要 / 第五章 发汗剂 / 第九节 宣上发汗,ygc0392,风温伤寒初起头痛怕风，恶寒无汗，继即身热咳嗽，烦渴自汗，咽喉肿痛，舌红苔燥者，先与新加三拗汤减轻麻黄、重加牛蒡微散风寒以解表
葱豉桔梗汤,葱豉桔梗汤,痰火,直接论治咳嗽,主治或原文句含咳、嗽,俞氏原论及方论,俞根初临证经验集要 / 第五章 发汗剂 / 第十二节 蠲痰发汗,ygc0431,症见风伤肺而夹痰火者，头痛，发热，恶风自汗，咳嗽气逆，甚则头眩胸痞，痰多黄浊稠粘，或凝结成块成条，咳逆难出，渐成恶味，剧则带血，舌苔白滑而厚，或黄白相兼而糙。右寸浮滑，左手弦缓者。治疗轻则葱豉桔梗汤加杏仁、橘红
葳蕤汤,葳蕤汤,冬温咳嗽，咽干痰结,直接论治咳嗽,主治或原文句含咳、嗽,俞氏原论及方论,俞根初临证经验集要 / 第五章 发汗剂 / 第五节 滋阴发汗,ygc0350,用于滋阴发汗，为阴虚体感冒风温，及冬温咳嗽，咽干痰结之良剂
越婢加半夏汤,越婢加半夏汤,痰火,直接论治咳嗽,段落中方名前后 80 字内论及咳嗽或咯痰,俞氏原论及方论,俞根初临证经验集要 / 第五章 发汗剂 / 第十二节 蠲痰发汗,ygc0431,重则越婢加半夏汤
陷胸承气汤,陷胸承气汤,肺气上逆,直接论治咳嗽,段落中方名前后 80 字内论及咳嗽或咯痰,俞氏原论及方论,俞根初临证经验集要 / 第七章 攻下剂 / 第五节 肺与大肠并治法,ygc0585,法当肺与大肠并治，开降肺气以通大便，陷胸承气汤主之
三才汤,三才汤,秋燥干咳,直接论治咳嗽,主治或原文句含咳、嗽,书中引录的现代临床文献,俞根初临证经验集要 / 第七章 攻下剂 / 第十七节 滑肠通便法,ygc0668,予三才汤合五仁橘皮汤加减效佳
五仁橘皮汤,五仁橘皮汤,肺燥,直接论治咳嗽,段落中方名前后 80 字内论及咳嗽或咯痰,书中引录的现代临床文献,俞根初临证经验集要 / 第七章 攻下剂 / 第十七节 滑肠通便法,ygc0667,辨证为肺燥肠闭，予五仁橘皮汤加减
五仁橘皮汤,五仁橘皮汤,秋燥干咳,直接论治咳嗽,主治或原文句含咳、嗽,书中引录的现代临床文献,俞根初临证经验集要 / 第七章 攻下剂 / 第十七节 滑肠通便法,ygc0668,予三才汤合五仁橘皮汤加减效佳
加减葳蕤汤,加减葳蕤汤,小儿咳嗽,直接论治咳嗽,主治或原文句含咳、嗽,书中引录的现代临床文献,俞根初临证经验集要 / 第五章 发汗剂 / 第五节 滋阴发汗,ygc0357,加减葳蕤汤治疗小儿咳嗽168例
参附再造汤,参附再造汤,表邪、头痛、咳嗽、畏寒肢冷、自汗、四肢关节疼痛,直接论治咳嗽,主治或原文句含咳、嗽,书中引录的现代临床文献,俞根初临证经验集要 / 第五章 发汗剂 / 第六节 助阳发汗,ygc0373,上方连进三剂，表邪得解，头痛、咳嗽已止
小柴胡汤,小柴胡汤,咳嗽,直接论治咳嗽,主治或原文句含咳、嗽,书中引录的现代临床文献,俞根初临证经验集要 / 第六章 和解剂 / 第十一节 和解兼益气法,ygc0530,武教授将小柴胡汤加味方广泛应用于咳嗽的治疗中
小青龙汤,小青龙汤,痰多,直接论治咳嗽,段落中方名前后 80 字内论及咳嗽或咯痰,书中引录的现代临床文献,俞根初临证经验集要 / 第五章 发汗剂 / 第十一节 化饮发汗,ygc0418,上方再进3 剂
柴胡陷胸汤,柴胡陷胸汤,咳嗽、胸闷、胸痛、胁痛,直接论治咳嗽,主治或原文句含咳、嗽,书中引录的现代临床文献,俞根初临证经验集要 / 第六章 和解剂 / 第九节 和解兼开降法,ygc0514,咳嗽、胸闷、胸痛、胁痛
沙参麦冬汤,沙参麦冬汤,肺炎喘嗽愈后再感发热,直接论治咳嗽,主治或原文句含咳、嗽,书中引录的现代临床文献,俞根初临证经验集要 / 第五章 发汗剂 / 第五节 滋阴发汗,ygc0359,此时如能经滋阴解表退热法（推荐选用沙参麦冬汤合加减葳蕤汤）治疗，大多能快速痊愈
白虎承气汤,白虎承气汤,痰热壅肺证型,直接论治咳嗽,段落中方名前后 80 字内论及咳嗽或咯痰,书中引录的现代临床文献,俞根初临证经验集要 / 第七章 攻下剂 / 第七节 清下胃腑结热法,ygc0603,运用白虎承气汤辅助治疗
越婢加半夏汤,越婢加半夏汤,百日咳合并肺炎,直接论治咳嗽,主治或原文句含咳、嗽,书中引录的现代临床文献,俞根初临证经验集要 / 第五章 发汗剂 / 第十二节 蠲痰发汗,ygc0440,"用越婢加半夏汤化裁。处方：麻黄5g,生石膏30g,生姜3片，甘草5g, 红枣5枚，法半夏6g,黄芩、茯苓各10g,赤芍 5g,僵蚕10g。每天1.5剂，水煎，分3次服"
加味凉膈煎,加味凉膈煎,痰热便秘,肺系痰喘病证,主治含肺、痰、喘,俞氏原论及方论,俞根初临证经验集要 / 第四章 俞根初用药心法 / 第一节独重阳明,ygc0190,加味凉膈煎下痰通便
桑丹泻白汤,桑丹泻白汤,肝肺,肺系痰喘病证,主治含肺、痰、喘,俞氏原论及方论,俞根初临证经验集要 / 第十章 清凉剂,ygc0886,以桑丹泻白汤清肝保肺
陷胸承气汤,陷胸承气汤,肺与大肠同病,肺系痰喘病证,主治含肺、痰、喘,俞氏原论及方论,俞根初临证经验集要 / 第四章 俞根初用药心法 / 第一节独重阳明,ygc0190,陷胸承气汤肺与大肠同治
陷胸承气汤,陷胸承气汤,肺与大肠结热,肺系痰喘病证,主治含肺、痰、喘,俞氏原论及方论,俞根初临证经验集要 / 第七章 攻下剂,ygc0551,以陷胸承气汤肺与大肠并治
三拗汤,三拗汤,麻疹、疹后肺炎、病毒性肺炎,肺系痰喘病证,主治含肺、痰、喘,书中引录的现代临床文献,俞根初临证经验集要 / 第五章 发汗剂 / 第二节 辛凉发汗,ygc0326,对此三者，蒲辅周蒲老提出四法，首法为宣透法。方选三拗汤
升麻葛根汤,升麻葛根汤,麻疹、疹后肺炎、病毒性肺炎,肺系痰喘病证,主治含肺、痰、喘,书中引录的现代临床文献,俞根初临证经验集要 / 第五章 发汗剂 / 第二节 辛凉发汗,ygc0326,对此三者，蒲辅周蒲老提出四法，首法为宣透法。方选升麻葛根汤
杏苏饮,杏苏饮,麻疹、疹后肺炎、病毒性肺炎,肺系痰喘病证,主治含肺、痰、喘,书中引录的现代临床文献,俞根初临证经验集要 / 第五章 发汗剂 / 第二节 辛凉发汗,ygc0326,对此三者，蒲辅周蒲老提出四法，首法为宣透法。方选杏苏饮
桑菊饮,桑菊饮,麻疹、疹后肺炎、病毒性肺炎,肺系痰喘病证,主治含肺、痰、喘,书中引录的现代临床文献,俞根初临证经验集要 / 第五章 发汗剂 / 第二节 辛凉发汗,ygc0326,对此三者，蒲辅周蒲老提出四法，首法为宣透法。方选桑菊饮
葱豉桔梗汤,葱豉桔梗汤,麻疹、疹后肺炎、病毒性肺炎,肺系痰喘病证,主治含肺、痰、喘,书中引录的现代临床文献,俞根初临证经验集要 / 第五章 发汗剂 / 第二节 辛凉发汗,ygc0326,对此三者，蒲辅周蒲老提出四法，首法为宣透法。方选葱豉桔梗汤
葱豉汤,葱豉汤,麻疹、疹后肺炎、病毒性肺炎,肺系痰喘病证,主治含肺、痰、喘,书中引录的现代临床文献,俞根初临证经验集要 / 第五章 发汗剂 / 第二节 辛凉发汗,ygc0326,对此三者，蒲辅周蒲老提出四法，首法为宣透法。方选葱豉汤
越婢加半夏汤,越婢加半夏汤,肺胀,肺系痰喘病证,主治含肺、痰、喘,书中引录的现代临床文献,俞根初临证经验集要 / 第五章 发汗剂 / 第十二节 蠲痰发汗,ygc0437,以越婢加半夏汤加减
银翘散,银翘散,麻疹、疹后肺炎、病毒性肺炎,肺系痰喘病证,主治含肺、痰、喘,书中引录的现代临床文献,俞根初临证经验集要 / 第五章 发汗剂 / 第二节 辛凉发汗,ygc0326,对此三者，蒲辅周蒲老提出四法，首法为宣透法。方选银翘散
陷胸承气汤,陷胸承气汤,慢性阻塞性肺疾病,肺系痰喘病证,主治含肺、痰、喘,书中引录的现代临床文献,俞根初临证经验集要 / 第七章 攻下剂 / 第五节 肺与大肠并治法,ygc0587,"若出现热蕴肺气，蒸液成痰，痰热蕴肺，顺传阳明，腑实热结，而致喘促痰涌，腹满便秘者，则应通腑泻热，以下为清，脏病治腑，清泄肺经邪热,使其从腑下泄。国医大师周仲瑛教授常选用陷胸承气汤清热化痰，通腑开结。"
抵当汤,抵当汤,产后伤寒身热恶露为热搏不下烦闷胀喘狂言,非肺系（仅字面命中，不计）,产后蓄血证，喘为兼症,俞氏原论及方论,俞根初临证经验集要 / 第四章 俞根初用药心法 / 第二节祛邪为先,ygc0202,治产后伤寒身热，恶露为热搏不下，烦闷胀喘狂言者，抵当汤及桃仁承气汤主之
新加白虎汤,新加白虎汤,肝胃心肺,非肺系（仅字面命中，不计）,清肝胃、辛凉心肺，非专主肺系,俞氏原论及方论,俞根初临证经验集要 / 第十章 清凉剂,ygc0886,以新加白虎汤清肝胃辛凉心肺
柴胡枳桔汤,柴胡枳桔汤,伤寒兼疟之痰疟（肺胃,非肺系（仅字面命中，不计）,痰疟,俞氏原论及方论,俞根初临证经验集要 / 第六章 和解剂 / 第三节 和解三焦法,ygc0462,继与柴胡枳桔汤加炒川贝（三钱）、炒常山（二钱），劫而截之
柴胡达原饮,柴胡达原饮,伤寒兼疟之痰疟（膜原,非肺系（仅字面命中，不计）,痰疟,俞氏原论及方论,俞根初临证经验集要 / 第六章 和解剂 / 第三节 和解三焦法,ygc0462,在膜原，先与柴胡达原饮，和解三焦
桃仁承气汤,桃仁承气汤,产后伤寒身热恶露为热搏不下烦闷胀喘狂言,非肺系（仅字面命中，不计）,产后蓄血证，喘为兼症,俞氏原论及方论,俞根初临证经验集要 / 第四章 俞根初用药心法 / 第二节祛邪为先,ygc0202,治产后伤寒身热，恶露为热搏不下，烦闷胀喘狂言者，抵当汤及桃仁承气汤主之
犀羚三汁饮,犀羚三汁饮,痰瘀,非肺系（仅字面命中，不计）,清宣包络痰瘀（神志病）,俞氏原论及方论,俞根初临证经验集要 / 第十章 清凉剂,ygc0886,以犀羚三汁饮清宣包络痰瘀
玳瑁郁金汤,玳瑁郁金汤,痰火,非肺系（仅字面命中，不计）,清宣包络痰火（神志病）,俞氏原论及方论,俞根初临证经验集要 / 第十章 清凉剂,ygc0886,以玳瑁郁金汤清宣包络痰火
玳瑁郁金汤,玳瑁郁金汤,痰迷清窍,非肺系（仅字面命中，不计）,痰迷清窍、神识昏蒙（神志病）,俞氏原论及方论,俞根初临证经验集要 / 第十章 清凉剂 / 第一节 清宣包络痰火法,ygc0892,其三为冬温伤寒，若痰迷清窍，玳瑁郁金汤以开透之
蒿芩清胆汤,蒿芩清胆汤,痰浊,非肺系（仅字面命中，不计）,少阳胆经郁热夹痰湿,俞氏原论及方论,俞根初临证经验集要 / 第六章 和解剂 / 第四节 和解胆经法,ygc0470,故俞氏仿仲景和解胆经之大法，取小柴胡汤合温胆汤、碧玉散思路创蒿芩清胆汤以治之
越婢加半夏汤,越婢加半夏汤,伤寒兼疟之痰疟（肺胃,非肺系（仅字面命中，不计）,痰疟,俞氏原论及方论,俞根初临证经验集要 / 第六章 和解剂 / 第三节 和解三焦法,ygc0462,在肺胃，先与越婢加半夏汤，开肺和胃
柴胡陷胸汤,柴胡陷胸汤,痰浊,非肺系（仅字面命中，不计）,痰浊瘀阻型胸痹,书中引录的现代临床文献,俞根初临证经验集要 / 第六章 和解剂 / 第九节 和解兼开降法,ygc0513,柴胡陷胸汤化裁治疗痰浊瘀阻型胸痹
